BUILDING.ID,pred_energy_cost_saving_CDI,pred_elec_cost_saving_CDI,pred_gas_cost_saving_CDI
389348000000.0,8308.149024909506,8217.463542090056,90.68848529745031
438113000000.0,7885.25848888061,7794.25569880193,91.0077061819265
420464000000.0,9386.182224934879,9222.491967341948,163.69368118230523
381640000000.0,47174.34998166512,47976.49551510312,-802.1343435775383
383509000000.0,22643.530328982368,22665.817249068128,-22.279096934205622
403511000000.0,39590.97358871675,40113.27409994342,-522.2891021508159
457360000000.0,16097.312176471843,16158.99144522886,-61.67429239294819
486963000000.0,5310.419506424495,5281.61376593899,28.80841595978445
484828000000.0,0.0,0.0,0.0
485013000000.0,7474.500409969947,7503.682280451721,-29.180372883475513
485168000000.0,68844.52119104739,70296.12444180403,-1451.5941856143554
483518000000.0,21214.17890309182,21218.213794613832,-4.026310283989376
478020000000.0,5636.276117683659,5545.6044804705825,90.67369996356894
467891000000.0,32554.709579828424,32954.485262503054,-399.76884990444796
485841000000.0,9983.75627743452,9965.732417387275,18.030047283638066
430832000000.0,17992.588893636985,18068.196399604632,-75.61084938462254
430217000000.0,12657.234890950169,12448.871679480992,208.36183055884172
477466000000.0,336242.5959447411,321537.13120313344,14705.46514774349
420885000000.0,220162.0365343187,209146.65586293762,11015.37979775064
404738000000.0,369456.3633674065,353872.22043393773,15584.143754593768
382282000000.0,391387.6971184994,375206.8729373768,16180.825231653032
382271000000.0,995758.383224816,964412.994213238,31345.390383308888
382167000000.0,204104.04923448054,194247.5442313749,9856.504678907515
378417000000.0,213037.42867229655,202241.66388466168,10795.763785322055
389704000000.0,820828.5097697873,792717.0116367837,28111.499667041513
390575000000.0,906512.9993240313,876581.2627142025,29931.738006483683
384513000000.0,245396.5182400205,234408.5650539835,10987.953605623481
386608000000.0,125943.47528662618,124926.11484025414,1017.3629474246837
382684000000.0,273063.76345245104,261311.29363136736,11752.470664028437
382823000000.0,205706.26702664254,195825.742816093,9880.523924623742
442594000000.0,95610.13801750027,89983.5667282005,5626.569996415996
450697000000.0,421385.54982722545,404721.1260441365,16664.42542330594
423196000000.0,259943.56522854397,247988.3075628826,11955.257686225004
422186000000.0,356113.4193654314,340640.548959504,15472.870818130137
426220000000.0,297152.39658246713,283617.44728305435,13534.949276099165
420512000000.0,250653.3833120173,238772.3040176492,11881.078937499658
412549000000.0,0.0,0.0,0.0
382858000000.0,232132.33359482177,220717.38186095766,11414.951020414905
382567000000.0,258339.87645456372,246438.41388299156,11901.462575531861
382544000000.0,220863.46962995906,209898.66080477557,10964.808063524837
382115000000.0,198606.63149792206,188541.7948987813,10064.835738719847
397871000000.0,302980.4109603802,289333.7738341129,13646.637242846473
405712000000.0,493938.5995620694,474689.13426574366,19249.4668485034
421855000000.0,349068.08181221463,334700.94785329944,14367.135229742074
447534000000.0,199117.11445685072,190111.1514188556,9005.96336753865
485868000000.0,239712.88996690695,229626.91527206788,10085.975848156362
461544000000.0,209494.32424657766,199157.7589335298,10336.564681443528
475489000000.0,72647.72475584934,68711.08634966264,3936.6379012283805
493191000000.0,231297.26265795715,221142.7388441684,10154.524496918531
489881000000.0,136784.68477216744,128209.32440947756,8575.357807510183
490959000000.0,1597237.2116008215,1559460.6166441082,37776.59297709815
492141000000.0,1904946.8279774685,1867642.5005991638,37304.32276368291
484895000000.0,447715.8134422028,429384.10683907685,18331.707535195383
484465000000.0,666894.8243132046,642380.8564834482,24513.96931541493
487567000000.0,0.0,0.0,0.0
482353000000.0,185462.97551327187,176722.28576208118,8740.689767957683
483925000000.0,99790.0165215681,92509.12163846382,7280.891700454781
484210000000.0,214476.0733324109,203690.9034556612,10785.168993327963
475821000000.0,583941.4906118894,562251.509120214,21689.983382105027
476715000000.0,194978.87348717183,186128.98674650575,8849.887117612869
482389000000.0,158383.85981263223,150845.33292013154,7538.526896666933
476000000000.0,211564.79063725148,201268.9434945245,10295.846684453318
478908000000.0,335604.00536368624,321389.60638148646,14214.399874445971
457985000000.0,291579.74906107923,278304.6453662909,13275.103713690114
474402000000.0,192847.98899533413,184520.9024360393,8327.087441240717
467473000000.0,270105.4422891505,257917.466389102,12187.976128818997
467051000000.0,262728.97377195396,250306.11058835406,12422.862795317451
456347000000.0,202729.77977700828,192374.24900931228,10355.529764839484
450886000000.0,854138.4117439848,825362.3881040518,28776.02517652329
476699000000.0,656356.3947440982,631994.1703493082,24362.22577161728
460903000000.0,536668.0436907139,516432.79411877703,20235.251478439506
447447000000.0,475928.1121286638,457416.8450449428,18511.26875555054
486683000000.0,133093.4542724961,125830.89360675006,7262.5595731565245
427635000000.0,208125.853659494,197859.27968745012,10266.57336610418
428159000000.0,226206.11059593517,216707.62663653475,9498.48511149202
427797000000.0,251140.5319363044,239507.4326427721,11633.099236370821
435121000000.0,494552.2195243557,474650.67101005255,19901.54948650776
441968000000.0,378596.51467694284,362509.82694135717,16086.68837975355
441667000000.0,242752.84990384735,231255.74775376433,11497.101849103608
469242000000.0,213872.17458638726,203573.1989512895,10298.975289131928
482118000000.0,78284.86853803313,73611.24671170357,4673.62071252834
472598000000.0,40170.22652586701,38083.39723367743,2086.828860564413
508240000000.0,259352.00483640024,248056.07726603933,11295.928298753335
442687000000.0,401799.2471224272,384754.5045075509,17044.743187957658
442872000000.0,62194.28890498336,58032.8109346376,4161.476435205752
564877000000.0,226520.28327858876,216458.23636653725,10062.047469700206
380717000000.0,359694.06387571624,344067.7808110615,15626.283425805936
474609000000.0,433.4064126187938,256.51532956271825,176.89058739521127
474881000000.0,222.16081952575507,152.5779260217838,69.58306237910297
476742000000.0,256.2853702652858,185.75633790435697,70.52931545603914
465468000000.0,234.85957724214,122.76769530170047,112.09207866978772
470384000000.0,308.420243037568,155.94092730656848,152.47917027558628
438179000000.0,299.07026915795507,133.0481055883773,166.0220623951614
440506000000.0,228.65171270237332,80.57771360065699,148.0741277183113
434200000000.0,359.5666353025451,264.6597973792762,94.9075835343034
430454000000.0,860.463061379335,806.6272257484052,53.83819383012549
432472000000.0,227.86153878832008,159.6157598124876,68.24623938302395
429439000000.0,307.791595246455,236.23980539325862,71.55242755634656
429166000000.0,298.65987253252337,344.05116481835717,-45.39115470643401
412482000000.0,269.9123090222157,254.30997957022785,15.602653548404026
411630000000.0,280.2039867298394,294.24568462124586,-14.04155399297414
410816000000.0,224.39939315429825,127.0407707847372,97.35892574584207
381572000000.0,377.0308666806922,330.500419343697,46.53142866084065
383625000000.0,270.1196395403381,281.2736189285327,-11.153821336463613
382387000000.0,206.50756508488843,148.0017458593226,58.50621653437604
382941000000.0,326.92337267488966,298.04386107934437,28.87985482004361
382816000000.0,210.7828438571217,111.72284702637116,99.06024356655443
400142000000.0,228.5458998809154,200.2315780242088,28.31454932936789
399052000000.0,309.73606515995664,248.27162170008918,61.46455574344614
399204000000.0,279.6986121606551,183.8538619657621,95.84478809179063
400196000000.0,369.9725476793137,322.91803803258296,47.055486418693725
395979000000.0,344.6183555952045,294.12599176193766,50.49326887744761
394742000000.0,282.92616075677626,259.5814388358898,23.34507925978443
396799000000.0,287.43178328668535,46.5181205258535,240.91362847724682
419072000000.0,344.60134251048316,292.6407198758293,51.9608280309177
419371000000.0,0.0,0.0,0.0
421791000000.0,314.9458828788755,303.61521177746533,11.331580492766735
420780000000.0,366.51030841579325,300.04358092327215,66.46721209459224
420902000000.0,352.7660177449032,337.0538911436896,15.712738946414973
420517000000.0,284.874739872519,250.3860162725444,34.488865885875136
422504000000.0,347.33651134540014,246.98915504206803,100.34807433224077
425420000000.0,0.0,0.0,0.0
425306000000.0,307.2543505088384,217.0875368076509,90.1673578953236
426078000000.0,327.406415131788,288.43189354406553,38.97480963111136
423899000000.0,315.27722663140474,206.23463993585887,109.04249962240196
424664000000.0,310.00531717924673,140.74251579181447,169.2631004944893
423030000000.0,272.4591992693533,177.8144704855479,94.64500494197284
424503000000.0,307.77128442143896,318.7731340654766,-11.001321439371543
424398000000.0,0.0,0.0,0.0
423936000000.0,0.0,0.0,0.0
423976000000.0,328.8430077044605,310.0679922949916,18.775545755339273
424155000000.0,290.81922997423175,135.6945010467607,155.12506541767877
424376000000.0,287.42977734779095,301.56566920405743,-14.135738982886851
424427000000.0,329.31441744278686,251.41202558801655,77.90261707446321
424466000000.0,235.51671135426938,78.8923146052673,156.62449195419072
431546000000.0,245.4083647583072,55.82144271050239,189.5869732532552
431983000000.0,273.5433775257626,173.867034501823,99.67678614901892
441631000000.0,259.1623485612597,100.53124304489114,158.6312149917166
444596000000.0,362.7502199427095,301.5737575773506,61.17736966766494
433407000000.0,207.04146202494042,162.59556349771552,44.446415543256606
443911000000.0,253.6763540643959,370.28647025818617,-116.60977218137128
444646000000.0,0.0,0.0,0.0
450182000000.0,299.89603067147715,288.9043216228273,10.992060590313844
432956000000.0,178.25544494240788,198.00177247655742,-19.74587592041352
438969000000.0,231.17015943907575,104.3489183906703,126.82145524022327
443627000000.0,277.2305140687145,222.1415953357328,55.089474846872314
444013000000.0,250.0334135907177,154.47733249593202,95.55639696365532
444926000000.0,699.1529016417811,668.6172725869998,30.537640574274107
438272000000.0,292.08347223280714,318.41974235259624,-26.335916950197305
431370000000.0,264.38895729588705,251.1542966991449,13.234827698813882
436616000000.0,241.48087115923042,244.12665388057889,-2.645316243731944
434434000000.0,212.38485549505359,186.31234623232842,26.072702084614754
434778000000.0,293.79462116366994,273.81591454515734,19.979181160989317
437004000000.0,485.7128518867418,439.91658023221186,45.79760543843703
436636000000.0,264.7035090521806,273.5672342387206,-8.863267672001246
436601000000.0,335.56574011670534,327.5977130718735,7.968673857424338
436586000000.0,283.2319682412968,312.3055804679855,-29.073180945605372
436386000000.0,240.39092343455638,218.8105528699485,21.580650561377386
440552000000.0,263.14393376352075,240.7332037274898,22.410982515932854
442704000000.0,254.5562837208101,243.83555179369915,10.721100699970348
442944000000.0,257.5262513481917,240.3896351222888,17.136786336487667
442857000000.0,314.49456626759263,338.249403525869,-23.75417985385099
444250000000.0,578.8412722401315,543.00309292002,35.83974409562553
442584000000.0,255.58804353455463,326.4246390067387,-70.83621840242726
446020000000.0,248.90520340931786,195.7460894709976,53.15956198515051
448605000000.0,253.53578797314103,259.67875320919165,-6.1426415406061885
450755000000.0,240.20436819501597,340.337764818229,-100.13290846752912
450618000000.0,163.47309996639697,154.98934822209532,8.484218586683909
447598000000.0,286.6244537834051,261.4095994077294,25.215236972938982
449312000000.0,302.4391026211149,315.5192704071743,-13.079573038734852
447810000000.0,320.929298805181,281.74824378457106,39.180920199279385
448556000000.0,379.6691874654245,328.7540751588902,50.91598292255626
447645000000.0,270.66032697140975,336.2544147400579,-65.59388282629028
448058000000.0,266.70373571878446,271.0315617047856,-4.3276265299913845
450789000000.0,283.274095284972,342.1819560220025,-58.907650157917224
450203000000.0,243.658836055615,260.87080922759867,-17.211710662609896
455116000000.0,241.66394537161068,285.94425147940007,-44.2800703997338
452391000000.0,280.01693887139663,273.957830366307,6.059581487467067
425457000000.0,340.1307831737252,298.91489916980487,41.215866457193975
417570000000.0,223.79307588760082,91.40833932927322,132.38491757532876
419715000000.0,280.49970904839006,167.25938231046845,113.24071241614426
414973000000.0,280.1395949802191,23.188590216949464,256.95079469407546
417979000000.0,322.3226039633472,217.11802934961574,105.20478827488476
417963000000.0,297.7681081913805,255.06617354562232,42.70270104269251
415269000000.0,231.80629722228585,191.8343183061988,39.972151526943534
414900000000.0,321.9406935301488,194.99453098803286,126.94621193536871
422174000000.0,307.96906844482004,302.85757418002044,5.1117780978034935
423761000000.0,207.46137716560756,271.9455148587326,-64.48367897710672
421084000000.0,295.37920853966205,291.1961508100253,4.183311308859153
427080000000.0,256.5270666806583,163.31570185864803,93.21180507539344
429087000000.0,253.29968357335918,372.5467914675377,-119.24677788875549
427929000000.0,375.43507513621284,259.0247151551189,116.41061816350485
425411000000.0,236.6426103536073,151.12161149898063,85.52133490334455
422606000000.0,283.1863032766853,332.63223100031473,-49.44571071056606
430895000000.0,286.6058971629096,264.7869524107336,21.819021846782164
429647000000.0,282.167673717486,304.67244671474015,-22.504370601959966
426920000000.0,243.57921428549,223.95307908608157,19.626859789355144
428689000000.0,237.8279956867277,299.6117469270826,-61.78347055693408
423834000000.0,194.94230556095718,106.27750861934703,88.66499580092426
423153000000.0,224.06953135884368,133.95581474467093,90.11404184788866
399269000000.0,262.3080518478397,170.53792241143418,91.77060431922716
410034000000.0,229.51595554527063,205.6954215918445,23.821194005590076
399760000000.0,229.33235274952168,123.17119503353894,106.16139486584315
406495000000.0,318.61500447720226,225.75564216815394,92.85954029538914
411990000000.0,734.1590324811185,688.1055687686345,46.055585109672116
383291000000.0,254.19157164524768,134.28050930763848,119.91136639557106
389636000000.0,299.58868711556164,160.99089308356088,138.59814437350687
389244000000.0,289.04811654817587,115.20454628572254,173.84382362708226
387828000000.0,312.23879985697585,249.0586076131171,63.180216818798286
387073000000.0,280.60717837932384,360.3279854390253,-79.7201660583073
379185000000.0,323.4045835136192,267.3885974186511,56.016271384302165
379390000000.0,303.00940170614336,263.15642729215716,39.85331615190435
378703000000.0,356.79328678630577,288.13474316761454,68.65879567146024
378733000000.0,0.0,0.0,0.0
388331000000.0,291.90292239777835,292.8449831847889,-0.9417555374850792
383532000000.0,361.15511727022994,256.74022779263373,104.4150685525077
373225000000.0,264.68418730485956,336.53912327091393,-71.85433430931789
378044000000.0,521.9857668865252,465.99057187626096,55.99660758731888
389504000000.0,321.9745370974622,346.02736815428113,-24.052128009369213
406263000000.0,230.55004650906926,215.9344447575275,14.615909375427178
401185000000.0,232.10997540545026,106.88470279436399,125.22540678977465
398505000000.0,199.87843832219548,141.03701573355087,58.84179674220761
398840000000.0,208.4701124310026,66.28523772875306,142.18499253061398
398713000000.0,288.1994777144409,275.9088726005388,12.290826545070875
399688000000.0,235.70255942206657,161.18809306084376,74.5149054314646
398472000000.0,295.6261874989726,227.4562053222993,68.16999111457235
403899000000.0,281.0599659645029,268.5902685349,12.470293554907967
404179000000.0,325.8362192662973,314.4117025455046,11.425300101149487
431922000000.0,246.02156926304238,249.777828890858,-3.755977648869628
431298000000.0,214.4108222141554,178.93020331901542,35.481110895550366
429795000000.0,328.00941000553263,289.6600213713885,38.35026674180661
430487000000.0,210.13517310446443,215.2317720118984,-5.0961701693368555
429373000000.0,267.78264564406294,218.98238716438317,48.80087883417985
425954000000.0,291.0403532211944,246.30957236427844,44.731209215139465
422942000000.0,0.0,0.0,0.0
423796000000.0,316.31201919248923,252.22466950564493,64.08808394498037
423863000000.0,297.31462986057306,310.90525160074594,-13.590277746621068
424341000000.0,283.2277194768403,333.1726829050737,-49.94461682852704
425727000000.0,217.3485325192731,174.7437371353764,42.60519318294042
417754000000.0,384.66488536955336,390.5621823976378,-5.896328526615669
451885000000.0,338.9852384573825,352.8302069625433,-13.844259588033392
447818000000.0,284.9279898122804,296.3995251973448,-11.471370478240392
449748000000.0,572.4627843925282,530.0572918889598,42.407102977837035
449805000000.0,392.5410611528879,377.84818264867226,14.69399300757544
450882000000.0,300.935606614231,320.0468939816857,-19.111073086507385
442651000000.0,213.17495054762097,146.3892708057814,66.7860593430446
442755000000.0,222.83229557769653,138.15760259440196,84.67503518625257
445517000000.0,271.63678478243355,170.817429833388,100.81977981940986
441503000000.0,287.7509557128785,282.72334562877637,5.028408072719703
437507000000.0,206.2125772499952,126.67519189081487,79.53735239696499
437881000000.0,311.82152346269504,261.6832442553968,50.13885078838419
440780000000.0,208.4665082298972,105.78059863289816,102.6861141965332
436263000000.0,217.31733562275826,157.17410908045215,60.14361239257845
441184000000.0,236.37094846732344,190.3358030175763,46.035541711149904
434777000000.0,221.5639480651393,166.50770546496574,55.05667228001182
450394000000.0,448.11197319848696,404.99962416655853,43.113597785606544
450498000000.0,260.13985607839703,240.27634654212574,19.86382313379916
450133000000.0,497.72512261941256,-118.04414394196716,615.7679883271877
449135000000.0,180.00699401463788,117.6495376144598,62.35772060429162
434549000000.0,245.32638847883456,276.5768835553419,-31.25014458492421
435188000000.0,213.72883408594018,156.72041929131402,57.00884421894227
504861000000.0,239.6578281032256,160.27499653844558,79.38320381552056
494663000000.0,296.1718049467272,276.7828598977152,19.389419504531283
475206000000.0,257.1960251337324,236.5546145642912,20.64168085845008
471252000000.0,240.57864773938869,193.13042080487838,47.44844813084715
472257000000.0,368.1614850485881,314.2200609938621,53.94235878479495
464750000000.0,280.29352838472767,278.06737445346073,2.2266146970983947
463974000000.0,204.67000527088456,250.97555298974962,-46.30525809964226
461080000000.0,249.30996020956516,270.592371391112,-21.28221891565237
456520000000.0,262.01499161829577,218.91760816390308,43.097920885618755
455605000000.0,280.51094272923166,342.63118380836687,-62.12005274464422
455927000000.0,233.95255426845645,130.9359069745011,103.0169398885161
454607000000.0,283.7031489753445,235.96167015814686,47.74207674078878
456138000000.0,276.37286921122103,334.72153595993336,-58.34832551259558
455621000000.0,0.0,0.0,0.0
458695000000.0,296.60483576991834,306.9649985701126,-10.360070833375273
457886000000.0,213.9675783922608,156.34889155399054,57.61893883955796
457945000000.0,26030.1505796496,-21679.291960952287,47709.34329353563
467741000000.0,273.04865048595497,238.5137205396649,34.535083981784574
466610000000.0,278.5700706005167,319.38452472672725,-40.814303779050725
464154000000.0,300.67909323805577,278.5821361082376,22.0973902454186
470607000000.0,227.96888057548145,207.66021202949486,20.30886894904225
468882000000.0,294.61531772166893,317.30079494285167,-22.685338916642166
466526000000.0,313.06772744383863,260.76099842346247,52.30744512862235
468497000000.0,311.10026531812923,302.19185754134924,8.908859957602864
467510000000.0,421.6520564979923,373.930327507529,47.72277540474036
467485000000.0,300.38209098479217,278.89861051115935,21.484066948982754
461216000000.0,265.085080843332,290.40781304107264,-25.322387880649213
465323000000.0,318.37894132620085,314.9339914590617,3.445075721694637
465761000000.0,243.3135690434325,246.4098323279177,-3.0960720016530203
474632000000.0,382.93075102819563,214.79073445982212,168.13956113073402
471194000000.0,528.6883265833744,41.21821808166335,487.46900698116747
459703000000.0,260.0539978309775,202.55521521767417,57.499346780527894
457792000000.0,286.2426680783635,342.7508360242028,-56.507791108042404
462437000000.0,281.2043049502106,278.2298272141473,2.9749791976019435
472184000000.0,304.79638376517397,144.70393120543682,160.09236781707727
457279000000.0,200.89636801535423,157.94696694833894,42.94986043910549
453066000000.0,239.4066242167912,202.97934459367474,36.42784232555965
449468000000.0,263.052318719198,306.2410420271662,-43.18849250864765
451952000000.0,201.82106441132245,196.76025108502841,5.061389132167808
478819000000.0,232.68961393091672,218.37275062403918,14.31711536168192
479637000000.0,295.4736841229015,335.4559278522297,-39.98182919829135
481094000000.0,366.9684424000861,229.5515200306064,137.41737292564233
500665000000.0,364.06221351286484,301.5149496541144,62.547099712157504
509294000000.0,248.59105364627547,278.72830996533884,-30.13702441153316
507501000000.0,730.5608311642952,661.810444646242,68.75236815463096
495690000000.0,287.22321912915675,285.97970922312726,1.2436049832755371
491536000000.0,260.5873200992238,344.29169033532315,-83.70405944192828
490551000000.0,285.9373300243428,211.10155401303646,74.83620085673839
492026000000.0,426.87322253178894,437.16165495631185,-10.287332837250766
494261000000.0,256.95914444953416,135.6057035544149,121.3537001453615
484963000000.0,452.45689429884965,463.4985872252756,-11.040455270826634
481333000000.0,346.28769428359533,37.839731495055844,308.44778223703486
480654000000.0,303.67315097857625,245.9065484265193,57.766612078063346
477970000000.0,267.14368598456184,238.91261240646327,28.231469475155567
477309000000.0,180.00965334472718,166.59490613521828,13.41517051734468
475763000000.0,1408.244131395972,1494.7880921700382,-86.54033892602828
476464000000.0,314.07776795387934,261.6796199963329,52.398859430236385
478644000000.0,252.75346938001138,294.7984232047947,-42.04470026318482
478704000000.0,293.5839374227372,223.3695224427639,70.21493329070438
480454000000.0,289.15349270746776,99.095008943653,190.0586392427156
480700000000.0,401.1399722263334,392.4850254585997,8.65591485955488
480666000000.0,268.24026492997865,169.7328294777161,98.50781751897304
476557000000.0,279.1729484813355,209.59810815291883,69.57528361246176
477686000000.0,930.6068374592516,-603.0794724229012,1533.6832706969922
475985000000.0,0.0,0.0,0.0
476176000000.0,276.00208641607554,229.0956529771772,46.90697150115392
479882000000.0,348.7388168383283,341.23609225354517,7.503581756681736
458491000000.0,181.10539370437988,127.23117621396318,53.87454376899355
474406000000.0,390.2074282419149,337.5884819315722,52.619923979225035
475042000000.0,299.6511814415638,117.8729485585673,181.7784370632647
472822000000.0,315.1289949621707,303.5819648550008,11.547121459450247
471519000000.0,334.47196368675617,177.21010708626582,157.26195220706663
470995000000.0,298.40450757133175,341.54442245199164,-43.139308609918295
468511000000.0,264.25926050702355,148.1496306244281,116.1099410489139
466354000000.0,263.51208671923735,231.9331247208149,31.579157209183283
465811000000.0,258.64746039478365,53.23779193139841,205.40963829196014
466471000000.0,269.1774100555423,286.31257368689586,-17.13495995232325
466832000000.0,535.8100115250313,497.95720017232213,37.85428327556737
468856000000.0,313.3975010142123,334.12697155270394,-20.72941558498457
469108000000.0,273.5079922716402,279.7675614386701,-6.259072506393615
469269000000.0,316.01603014171474,314.58195452264806,1.4347067501118893
470244000000.0,399.4478398461132,370.81519112690836,28.633737090879254
470476000000.0,944.666850050349,894.7694235967607,49.900119706388686
469061000000.0,187.18108095028268,60.200770303473256,126.98039126225632
470982000000.0,197.97794566976555,70.30315080044058,127.67491631897128
470898000000.0,230.35155071609574,174.6447405566224,55.7069986780203
473029000000.0,433.2171745669715,400.07471377375396,33.1434675667459
472640000000.0,217.05671160287503,180.10045369889042,36.95648277733533
473093000000.0,316.24606231439407,213.9822833401562,102.26435636667073
472660000000.0,299.8129206047888,208.33123553000388,91.48202517625471
471133000000.0,261.63827406180985,162.21259849224137,99.42589758512504
471765000000.0,278.1279552606519,246.7039309187163,31.42416894935466
474326000000.0,424.0978744492572,341.98369066291696,82.11488990653898
471421000000.0,322.7440407894483,326.4326139138157,-3.688520076157895
470236000000.0,264.50355034178017,224.6924972653879,39.81129109562377
470257000000.0,418.2413972995418,180.2118057587376,238.02932725528782
469116000000.0,337.34316481079486,133.5190607959785,203.82405438329133
468365000000.0,252.97843939493958,160.20811340286838,92.7707563183511
467316000000.0,316.0914620987187,297.9387247577724,18.153231010750886
467366000000.0,264.4464442698076,303.3802464340965,-38.9336062482529
467364000000.0,296.9758585328257,290.4010338580565,6.574951825855737
467052000000.0,1230.1165401605624,1570.8642682113434,-340.74530185836693
464427000000.0,212.97773160132573,162.30391063897903,50.67404298548535
463795000000.0,315.2821678056965,-43.51040050238171,358.79199209656815
468163000000.0,384.2829296547553,368.8638725475802,15.420050433944285
473632000000.0,380.48633835590726,260.77668175216087,119.70950914217752
473784000000.0,283.3745825026686,291.0465736984638,-7.671876838608303
473704000000.0,307.7864270286538,301.6421255501229,6.144983679471202
474244000000.0,252.04052824986076,167.1765255886084,84.8644198191336
449028000000.0,212.5662615803,167.98087482754215,44.58559014498724
443719000000.0,269.0376025769697,323.3725025536972,-54.334618920847596
444901000000.0,211.913209909973,89.56568243984552,122.3476493372737
443893000000.0,257.26151975708444,320.4169801379119,-63.15522241471907
445019000000.0,286.7919166846172,321.288160013745,-34.495754018710194
446998000000.0,291.58662221041413,341.739700979704,-50.15243229871936
456092000000.0,275.18037585183066,329.05164693019015,-53.87106085941117
456439000000.0,264.71784598492883,344.21825912300375,-79.50015093930872
455425000000.0,267.3929407874704,340.479540842824,-73.08627218285166
456610000000.0,319.15544631456885,344.46693536305924,-25.31083827842332
456602000000.0,269.97085234131094,330.43656783135214,-60.46549695015213
446040000000.0,269.8700188797372,286.32988243475313,-16.45979572929837
447012000000.0,250.00222637867734,282.07911188151706,-32.076437444689525
445735000000.0,294.4418618153677,336.7553711608414,-42.3130028536936
445748000000.0,0.0,0.0,0.0
446718000000.0,243.418604988098,269.4173646235159,-25.998466409442138
450189000000.0,247.3632573509184,275.1379031490804,-27.77440412844852
455028000000.0,251.5213438854974,156.6080358155782,94.91364657959343
462918000000.0,233.1771568720533,328.66457691341213,-95.4869909010695
463026000000.0,204.0622304712046,303.1898393049996,-99.12722106084492
463793000000.0,262.62119448496134,249.17183999452072,13.449949930568843
453820000000.0,274.483005761187,257.86546652589504,16.617831174407193
475429000000.0,255.2801465329785,213.54055747381744,41.73986563799611
467111000000.0,219.48095569493046,339.5003994895968,-120.01905164867313
467661000000.0,233.34169556956027,44.22516835594635,189.1164891295616
474254000000.0,303.39070979766115,319.9022745472769,-16.51132438609233
473655000000.0,0.0,0.0,0.0
476881000000.0,430.14676794048836,429.019021215792,1.1288530329550532
481728000000.0,238.82154623001782,372.2338667836026,-133.41191204620623
471481000000.0,496.4689510129193,-238.2972112577811,734.764819756801
468637000000.0,221.8140506524921,73.43828043799664,148.3758929038277
473025000000.0,323.9730229632936,166.7318296113967,157.2413130045171
478513000000.0,274.58427055130755,267.94649478358866,6.637938359631517
457073000000.0,202.80751452062447,164.99856700021917,37.80927512464464
475843000000.0,271.5742559225303,339.5341419716188,-67.95926418444569
481169000000.0,293.5143156581744,298.21183968011434,-4.697359514945884
477402000000.0,246.0499145484816,129.08506521964466,116.96508452093724
488788000000.0,401.11148195861193,375.79333304307227,25.319185524676968
491164000000.0,417.0231651030026,373.03161251706655,43.99253632580564
421292000000.0,242.09823049727638,195.0631043912888,47.0354151401794
401515000000.0,237.30900154100442,232.23200854706448,5.077428609635605
419589000000.0,272.32019394197744,181.73747045591915,90.58298945173374
419662000000.0,0.0,0.0,0.0
421092000000.0,244.72149873254227,226.9523622524348,17.769358796471344
420625000000.0,245.86284262400318,320.8076880727298,-74.9445535225928
420719000000.0,286.2523454574723,329.2220532687918,-42.969263741845616
421595000000.0,313.36512321126185,310.0852057506956,3.2805404450272064
421312000000.0,256.00016077496645,330.2105887988932,-74.21006967354212
421876000000.0,279.72255146899954,312.7147817719986,-32.99186918238961
417448000000.0,269.075129914994,330.89481592144483,-61.819228085067536
420733000000.0,290.4415653006435,331.9696342569312,-41.527614158777226
425325000000.0,247.83911121612,306.12511581791415,-58.28576308963989
425409000000.0,206.1509342887868,124.59837580316388,81.55281948053238
425868000000.0,237.18914444744598,243.5697428005835,-6.379996949419053
427278000000.0,222.1184590486035,176.81314730615026,45.305760596726024
427827000000.0,230.45694385329483,236.60867185186615,-6.151345350252228
432345000000.0,278.9218298254907,345.91680426331015,-66.99464738383567
432611000000.0,293.95089626800035,332.5287600163527,-38.57772732067214
433039000000.0,245.0342209542856,270.0730473747342,-25.0384780056148
431909000000.0,203.2546329663005,132.9957832498953,70.25914745388404
432091000000.0,238.2663451480639,261.4546144222558,-23.188047434323
429122000000.0,273.70550149102667,318.3293342447404,-44.62349994112721
427863000000.0,247.06275713574848,245.48560222211884,1.5775241910540403
430285000000.0,272.1609088361845,319.24762470631026,-47.08642196107454
428843000000.0,215.2416076202088,205.96251527643275,9.279392998562852
428777000000.0,252.0962848250827,287.6704529487768,-35.573916291222936
425992000000.0,275.39033137479566,250.4180757021827,24.972866115863987
425316000000.0,225.9631899944491,179.38312234160833,46.58053438459956
420761000000.0,0.0,0.0,0.0
420201000000.0,276.41408620036225,340.51839703612745,-64.10395227700093
420893000000.0,297.34555876554975,337.49174381991315,-40.14604406892501
423369000000.0,230.99798241771083,121.07728987678934,109.92093592573643
422943000000.0,217.1776956259278,206.599941529436,10.577971817865649
421846000000.0,262.52319814856304,277.8636334552804,-15.340204434421999
422108000000.0,326.10598414969587,313.43112666740086,12.67552108315876
423990000000.0,318.0069078415671,318.82009972118664,-0.8126062645995341
423555000000.0,236.1662528285109,172.6533541325576,63.51333605761532
421678000000.0,296.3807392188486,281.10796653051,15.273324493478981
422280000000.0,219.25840342158216,127.39982625905162,91.8588823271788
420868000000.0,293.64663075490864,200.09675698222387,93.54986968666368
427700000000.0,270.54756516489965,317.56380324771806,-47.01594977819526
436094000000.0,266.41836812944643,244.5667796651413,21.8518717612611
440456000000.0,265.8508542520813,303.28760429173144,-37.436442948590006
443314000000.0,319.9812398240432,241.32944738382102,78.65157275402261
442182000000.0,252.92998889505745,283.2662958384365,-30.33602159711448
441760000000.0,217.37293588934622,192.99685095931187,24.376471856290024
435965000000.0,294.94130186245593,289.24901529793584,5.692792074719819
436760000000.0,241.12025134881475,269.9301783871965,-28.80971993627772
439907000000.0,263.5096345728045,230.5295672875926,32.98038707011965
438841000000.0,243.8489658942667,177.0227001773692,66.82676372275654
438573000000.0,211.4350884973417,146.61149017293252,64.82397978483992
441406000000.0,290.59974370872897,296.2968571015486,-5.69694699547378
439819000000.0,269.20620169248605,298.0133226292025,-28.80692809100213
428646000000.0,332.46267098342463,330.929005583634,1.5342839708739646
427803000000.0,181.8207010813257,106.47441933625862,75.34652712297824
427614000000.0,248.02609144415155,272.0760775612921,-24.049542528166352
435378000000.0,266.02836094382627,341.95561781476465,-75.92696332991588
436134000000.0,525.7309104624109,480.7476998098982,44.984671196621285
435382000000.0,208.1119309178433,185.34036339050846,22.77179734252645
435467000000.0,205.293862372236,175.13279244014484,30.16129751656021
433792000000.0,278.55352496190835,262.94313801501113,15.610881700974995
434447000000.0,244.37876895439115,143.916888073186,100.46226598554081
436249000000.0,189.26979988449338,139.2482220228272,50.02198938581769
437156000000.0,231.0008032048217,265.0466746867147,-34.04559837379151
436884000000.0,261.4583549588193,286.45512419144933,-24.9963642845101
433390000000.0,210.5627249457294,119.09947831779236,91.46354246865252
427733000000.0,299.5034928393808,247.57047507148872,51.933683782501795
420966000000.0,308.1332688579318,313.57316174479683,-5.439319112741168
436056000000.0,364.330002272222,332.49001493676394,31.84066840632929
429442000000.0,258.9862688257004,272.6627992182208,-13.676338118415373
441206000000.0,244.79274596007642,292.35918133771423,-47.56618932654194
470667000000.0,256.68955289198817,162.42750708332784,94.26242414767258
468225000000.0,264.22494121713584,268.4305620119437,-4.205427465628337
468017000000.0,674.9644423675435,611.5719776784308,63.39430386529561
478312000000.0,232.79368500789204,192.34776629472645,40.44652032592445
473166000000.0,0.0,0.0,0.0
472527000000.0,268.72056570403686,299.57736648131777,-30.856461263780854
385213000000.0,276.8693949209711,354.4739321701696,-77.60397496935096
429415000000.0,1048.4093969016021,-104.39324743327732,1152.799760982784
439941000000.0,331.86479906020344,276.59016930287675,55.27493043379811
449487000000.0,291.82300562961933,298.3067110908435,-6.48318347196172
475790000000.0,283.10456183282815,318.16593728715037,-35.060708513211765
402258000000.0,618.8517850533459,551.1119953191704,67.7414892072878
479484000000.0,332.48609398387435,151.2123703857546,181.2735666680714
440376000000.0,302.1376880786886,241.7778100071804,60.3605555597395
440649000000.0,294.8348059131879,327.4163181222259,-32.58102169135478
