BUILDING.ID,pred_elec_cost_saving_ACOPT
370244899060,14586.407113423300
378702892165,39577.15521081010
379072892713,80107.63943658260
379328891539,71769.11861319290
381005916882,24227.605678058200
381639900770,17774.339081566800
381980890380,40303.16858717610
382479888785,6538.490036766760
383377902547,20050.53520865530
383508891239,10167.453587897200
389347907548,4324.2576618105500
392323906596,21291.345198452700
394040910048,75641.61408478610
395154885837,10610.91612762880
403510882745,15893.938842261400
416331879648,8967.841091685680
419580823238,23910.83688102560
420463899029,4880.778726349560
420742839524,24644.58661889950
420991900560,7011.792369689820
427427868956,9397.392781388660
430216836027,4316.886701541280
430831838865,4955.407677723310
431756832236,10048.090808981000
432026832144,8105.395066047390
432940813909,51426.45974392860
436274875405,18159.44173872100
437292895970,38814.20321001640
438112897550,4837.00227184545
441384807466,7570.59726794486
444128896966,32311.14433451840
444996805746,5224.29480998256
445467889073,26876.7009316044
445669895262,39165.04960360490
446679807826,16334.849655947300
447757849048,8540.93263887662
447978849777,30414.041473661100
449399891254,42168.439769211600
453801830600,5468.180658552330
456558845309,6213.730161259060
457359858295,7176.967637574600
457906859706,54637.54719371280
462016818420,9101.55450395833
463310858794,17842.003853170100
466703917206,15852.238497917900
467409736593,16095.50224609870
467890843439,12388.247715587600
467913749199,6516.4983992999
468187843022,6117.515291303730
469318858071,10614.369715736900
470261841733,8710.033742873350
472938826717,16475.388549758400
473600855935,22682.457233920000
475660789684,12982.326948062700
478019842830,3192.8640618560400
478669911672,6604.300678809600
481352834057,24177.158298132300
483517835306,10007.342160433900
484712839477,28226.915536854800
484827838704,12316.954950273800
484909831704,31872.228113071700
485012837905,3423.419669785360
485167839050,22829.860987445300
485840833736,5814.903324445480
486962839399,3226.4097037639100
489357839995,6754.818118326040
490498863361,9508.444583942850
492934866245,12050.209989987600
493537867216,12318.644364357400
494218850770,49159.16774680950
506565864343,8422.612911376650
999000000128,13772.341487692000
999000000286,55974.46103650730
999000000291,40611.341354047500
999000000327,35025.296728670800
999000000378,38812.038644478900
999000000444,75342.84113151650
379592888001,242326.86238217400
380388902613,35963.65222798870
381320910314,21140.725061327500
381330910169,22394.91390404230
381339909702,25586.887148062300
381840910625,21444.77231451840
382166909827,14586.01893284600
382270908470,43751.98695751980
382281907913,19811.43089257950
382683907950,14012.541410842700
382822907508,14575.402852741400
383603911046,26338.528848859300
384512909578,14088.243282640000
386607907896,8028.253074222190
405711881767,23034.895907772500
412548894732,7703.264252808120
420442879452,546587.7515907170
425370889227,13708.194493433
425548839070,29955.317900615500
426607843742,315008.34924849600
426738838446,25424.67450241300
427094835618,298481.3185730890
428158835557,10031.36904752990
429751923699,23090.956928168200
435172844277,278262.68556683100
435226843421,400064.2213915910
435482845065,321103.4110315990
435518844653,317185.59308581200
435955844002,404551.7440745130
436323844287,587484.0639917980
436341842530,435181.11332777200
442593910721,11571.893226641800
442871910523,10379.085506198200
447446829420,21640.208047926800
447533873733,11869.989844385000
447737802508,37482.66653871380
450696884785,18937.910245046900
452171872920,400954.47079864700
454615845120,264749.25130039200
455197870572,24102.676041186100
460902830465,23591.48333862600
469241756568,15293.304576349200
472597746219,5142.456098930690
474401845417,9021.165394084690
478641843437,32531.82463472720
478907841613,17392.491837334200
481217850636,19524.00889747940
481985840971,301362.3616840040
482022839527,368925.92077561900
482117741297,9654.672987760090
482355839896,239832.07731280200
482388842442,10408.176019045700
482490840118,538316.2389513770
482677840429,489305.9395679300
482791836625,269528.7780839000
483130840965,547566.9059151390
483672841146,1887792.2267961100
483765841835,385254.6398051430
483789840364,652181.0249340030
484289840584,327685.75189764100
484411841271,529122.4974239830
484837841207,381576.6931280350
484947840722,764749.658666624
484957841994,848987.662581668
485091841660,1410250.4397828400
485867866238,10771.80650217120
486086843605,447492.4568309240
487566840364,0.0
488403841800,406088.6406296820
490080842381,265323.0465425610
493190847369,12172.23244280020
508239854278,13655.829018539500
617,502.65545603749200
3626,1329.0488112561700
5817,396.73373787059800
6228,1279.3415068822500
6522,1509.8361795883200
6534,451.0370831663910
7903,363.70349911102800
10353,465.29782603174700
10713,662.19821515452
11526,1437.0252213999700
12831,620.4727214446670
12985,488.8450444470180
15794,567.2804806593550
20589,337.2026731727130
21780,467.6931990360010
112217100365,343.5982453378390
112217100367,377.3274720967450
112217100381,316.77560190734800
112217100445,297.3264037393120
112217100465,370.95948746637500
112217100466,497.21105060762100
112217100468,395.77066286329800
112217100489,387.3391317178440
112217100492,456.1461646266570
112217100498,603.0341833310270
112217100503,452.75531864469700
112217100519,437.66060639780600
112217100523,513.3135737522410
112217100524,565.2901935436760
112217100614,1570.9519067801100
112217100622,520.4816293718880
112217100625,1011.7237688758400
112217100628,575.8780367026770
112217100629,1029.34121470457
112217100636,604.5789196965600
112217100639,1225.2232113139400
112217100666,1631.9936807061900
112217100668,607.5028041716740
112217100678,1528.4492772449600
112217100680,1359.8621767389700
366050904621,230.31415378409500
370640881622,550.4087620848790
371094881812,935.8009965445970
373224893625,222.1626567764870
376346890898,432.0735452596980
377158890270,402.4154225551540
377628890108,407.2750395939010
377659890046,364.29090213284700
377659890356,403.0336912665750
377844893247,232.18864730027900
378043893046,394.1259904108120
378329885872,596.9719595124860
378545899428,583.4725707945440
378594902311,276.72512584983100
378625900138,338.27323129792
378702902344,231.2392047128570
378732898794,166.9197817949580
378898903149,305.1952889049040
378980902803,312.7632600020880
378994894882,309.047537652998
379005902304,242.4538227493130
379059902300,257.84021798812600
379109895156,250.56363072428100
379162902738,310.9306056902280
379184902168,213.34039094590200
379274902737,303.48202726202100
379389902171,206.18975565482300
379468902294,296.3352613135570
379573893820,740.9775510260830
379593914399,545.999638809275
379848887189,483.2292607602360
379854902736,275.5319773424080
379943889810,928.4326514094340
380240903104,578.09239670712
380398904787,542.5515099856210
380629905001,591.3778091110310
380731886095,984.6833759756000
380858886543,237.27420860647700
381270905897,297.38495750792800
381365917425,350.1421732834820
381424892852,1165.4472604240100
381473896894,244.79593727220600
381571916049,279.0143820179580
381775898805,299.01904791769500
381874892447,1587.1850411558400
381908898782,266.5335858143980
381932916205,384.51880056815000
382038898986,302.0131844063230
382233889755,790.2673265600740
382289896531,254.58864633669800
382386906689,136.84604175917100
382637907242,657.2080485751780
382681906783,768.6699202087980
382723893104,1055.619951294610
382743906275,732.079711822021
382815905818,122.48775517538600
382845914013,278.2768815361870
382898893584,476.8987962129050
382934897106,302.8709217726270
382940906762,225.79414211312500
382959906334,505.8896425627330
383134893028,335.40673079568800
383173903243,309.40760918084700
383174893301,256.9635841239930
383226890204,1139.3449776317500
383251905340,324.8006695811340
383278916169,366.12982001211600
383290896418,148.02537131227700
383291888609,241.03793772838400
383293889059,241.03793772838400
383317906741,372.08185686052700
383328892827,811.125435420048
383409888313,1153.016677684070
383418906619,256.651505012172
383475888737,241.03793772838400
383476888542,241.03793772838400
383476888676,241.03793772838400
383476888921,241.03793772838400
383478889116,241.51560023189700
383488888348,897.7094856875280
383518913964,317.2605246306410
383531893153,221.09649698472000
383575914162,272.5113424045470
383613914422,275.19283063870200
383624915256,192.1829122211040
383635914938,431.50440234944600
383645893806,274.68724136472900
383662906468,339.93818512916100
383665889056,241.51560023189700
383677905746,629.8852610661440
383697906080,640.0740070152640
383815896479,268.86698428646200
383819896687,267.30256511519500
383820896574,350.39600987182900
383849906387,1023.3375858369200
383964906237,286.58328437046900
384148896441,253.40772642907500
384149896540,274.2637460280560
384228896722,259.366589171641
384272896240,289.51935308303800
384487896707,290.72279637010700
384994893502,323.17894495757500
385203893489,296.99130465745300
385212896262,230.74217871963600
386345883904,1489.922298267140
386575883961,795.6362775721460
386591898567,576.7388786175970
386618883811,917.3352244404120
386714898882,253.0389244268640
386767898063,306.0037392635000
387013896321,423.32981996238300
387072898899,236.78577804618400
387386896298,283.1090307921230
387498898982,287.51190470372400
387544896367,489.24463522100900
387768896295,240.07932127355500
387827902827,194.3111177047350
387969896266,295.3466361417400
388116896270,580.4470510960710
388245895753,357.461090378503
388330896803,209.2596772375290
388390902513,446.58920362802700
388666899207,396.7356833242240
389243898916,154.18662519015100
389467884701,347.62370371127900
389503884266,251.12087444360400
389635902693,175.23923836870800
389944902851,283.92473127839000
390311902842,294.67143782450300
391869896539,456.23556299562300
392185910796,1405.810800273080
392795896526,298.865804751827
393224906041,334.0785557024920
393288907341,353.78339910479000
393856898509,333.34662484732600
394741908728,197.87944391124400
394973908625,255.8910954984640
395110896141,397.8243867947640
395346837868,447.4561437907400
395399896202,285.870886376301
395704895544,720.5331865277910
395978908712,252.6022584391230
396735895882,289.7644237720080
396798905808,123.08663174181100
397132892399,703.2252602690710
398444886458,311.20799380422900
398471885679,180.97758045564600
398504886181,131.39825412907700
398712886270,199.85633720372500
398795887708,957.9591636799780
398839886227,103.67968778723300
398948898861,407.77375012554400
398992911908,427.8104031286540
399051911334,196.2150496502480
399085909786,369.5439114572610
399087896452,307.9149421576240
399153886268,267.2924876682090
399203910375,163.00911760448400
399207912060,258.2469570115730
399216910632,321.81624515975900
399268899495,168.00768727934800
399332887733,354.16410469614100
399340886990,634.6206786433520
399371886150,434.7483070930750
399397889583,316.0176362285610
399400891311,324.7556833995260
399411901204,464.40671128202900
399441890050,372.22788833696600
399441911856,447.9194493935840
399649887700,347.9306551281450
399655887107,522.0344375926430
399680901132,437.02072481462500
399687886326,153.58144910352700
399701899576,537.2194496332780
399735900940,347.73301471028100
399746901791,466.6359842977370
399759899025,132.70698745049400
399767913480,897.2126094706180
399778912746,266.2086249743720
399938887042,601.465129114824
399946906676,373.60252545794300
399989897561,311.9811494133000
400046910437,253.16172670549900
400062909942,320.60770052014100
400141910411,154.704113172698
400186910666,439.6561950386780
400195909633,273.82464544474400
400213886331,326.69903289551900
400237911660,341.9927644002010
400366886694,295.8766294447700
400633893574,957.7085454183290
400961886303,299.11162441295800
401184886378,125.3474238055370
401333887884,373.811842912057
401514840550,174.91481368433700
401573885390,273.4213412601110
402252917842,497.3032967374920
402257918661,470.9961637426170
402306884699,402.7325490900030
402392916826,292.2727791711540
402555885228,789.0915061131890
402691895849,516.4275190546370
402731916972,839.4331097483200
402847884286,444.44506732269900
402850883520,372.43560989905800
402885884809,897.3967368161460
403049895823,357.5564622371410
403109916945,409.8893565971210
403199883178,423.9792024545540
403267883561,452.33282134341600
403269883441,300.63009814857100
403273883722,358.67882287242400
403274884028,455.11206618046900
403283916845,374.57530261716500
403609884896,273.5940950060770
403613913834,268.19373933849100
403740895674,910.2754741132390
403753912665,522.7683758432570
403772913397,749.9652829578040
403898883039,208.47783756417400
403899912161,477.12858143527000
403904914860,493.71642513762000
403918885283,355.4154797037390
403977914508,295.66880274649200
403998913694,298.30600053710600
404032895611,445.08558789135800
404178883880,246.43419452973800
404414885313,344.7220240488100
404660884630,255.96246350239400
404694882609,579.1615966611490
405076882361,504.9009599793000
406262885408,162.93326228522400
406488895797,231.55258405046500
406494893410,195.40106540876300
406759885305,379.1998229518160
406994885305,243.76961622355600
407346893402,467.6955531195500
408428903392,963.8081457202360
409207885246,298.779869662247
409622904665,430.8323641010810
409646904982,506.28319293412
409818905464,301.72323506703600
409865883925,788.242929981622
410033898757,172.2458277950130
410061918297,327.2072631126980
410167905407,514.5133675005940
410249916907,255.6363871933990
410423918765,345.6604393613020
410701919036,252.08053738613100
410815919034,134.28862777844600
410885918448,928.0819443814310
410968918971,535.3239873527190
411125905466,606.9383196492710
411319896095,244.63720025601200
411629916309,199.40250967510300
411989890809,578.5736341013090
412387921628,314.63692768295900
412481921416,190.07536644949100
412616893126,247.34226886383700
412841892459,353.2259982165420
412859892300,345.62198891760400
412912892777,257.2164796682130
412927892877,237.25428948061700
413088939138,1165.3789052445800
413569879736,895.1170083281020
414899895553,183.06637454062400
414972893466,107.20585949917600
415184879552,654.3342415846700
415259892124,238.84483474107900
415268895308,151.56370708375700
415274894894,399.97978563814900
415553879956,233.61699962133300
415829821101,360.33155900875500
416202879924,251.1127025206490
416286895731,622.7507188864870
416466890846,311.57502576669200
417447839836,217.0212317035590
417535893220,267.66767885863800
417545895824,336.67678429339200
417569898723,119.23331277715800
417620893202,330.4580650012480
417753879625,298.98369359691800
417836903641,410.09182551275500
417899895169,316.8812460538060
417901891827,300.44166149673700
417946821370,234.55213953310800
417962894177,217.4239207752670
417978894506,195.59507062227900
418157898450,266.1360499419250
418213840624,344.8675153350320
418332840576,282.7696041721630
418358879453,234.5664191071410
418596916009,256.39591121100200
418627845966,307.93014408536100
418719846243,502.9660004834210
418772817957,429.0169886214310
418772879441,514.2725759135330
418957907930,241.6601770481880
418964841435,274.1460603995110
419043905998,251.69027336381800
419071908316,226.1202893753320
419133838617,280.0055655147650
419146906332,358.9806145669720
419171906097,297.56451953461500
419172907503,347.225026268233
419178904335,308.548152304936
419190846190,416.54078473317000
419223908632,301.011960517882
419250837603,469.10754329691200
419276908315,363.14924557180600
419370907251,198.68973527762400
419390906146,283.3035242851080
419396904071,392.9033199142030
419416906428,300.14094029990000
419427908664,283.982364291247
419456907708,235.05860240013700
419505908588,333.69285004833800
419568905939,248.10864751697800
419588844344,167.63298227110100
419601844009,808.5094521075190
419605906904,292.23298695897300
419661844664,317.4220612950390
419706906043,322.3372010626950
419708851480,258.6953796689960
419709906644,281.3685348656070
419714902309,170.90402817145800
419753904000,414.9061517798590
419763903887,362.02443830358500
419820815813,277.35690431880000
419835893421,271.0920125701310
419848893202,292.85660099346200
419855908751,431.0829020024280
419958839869,264.6574935136310
419964883517,674.0578562437720
419985883142,309.58379419616700
420010882869,619.7461467059700
420025837077,258.099460512
420055844284,770.3240010070510
420084902076,227.99535801537200
420140909364,850.4613718771040
420149837843,235.33936547699300
420200837898,219.13926122769300
420272876980,370.73279545616500
420296902155,316.0751289726700
420308843303,244.26171969046400
420317837141,341.6000771721570
420321877170,295.67454517809100
420333839494,365.5712721216320
420340877544,540.4383547408230
420342884206,343.3183944416030
420352895186,296.4846497696090
420444877112,319.1558902830760
420454895125,268.79800413677400
420486897586,468.1424730091790
420516903781,188.2596907046570
420540879743,1115.6671484278200
420592893796,285.45014217066200
420606915239,302.9707338117240
420624841495,199.13573673061400
420632896767,305.628043372542
420641901507,335.67024725816200
420655901403,251.9746058022180
420718840926,222.7217964146660
420719882301,360.33457823812100
420729881816,393.53095504370600
420732840079,225.547629846504
420760837872,155.72310407633200
420779904845,247.06679114994000
420796894370,737.8051864182770
420801902153,298.241052132596
420826884325,305.88512264435300
420827894871,271.78454407368000
420853904909,306.8889312360150
420867835941,171.7061904632360
420884842921,261.1257747266430
420886894092,409.39476693519900
420892839078,218.65265368251600
420901905080,257.2275286399000
420918843288,413.54339510993000
420965814701,231.41641643190500
420967848821,449.4448890811360
421029904356,292.5390993700510
421034905304,329.669983483133
421049908561,288.68824892145200
421062905164,256.79907200891300
421083890853,208.2790784695570
421091843143,168.6430332803410
421156895767,260.1283487111980
421186878286,200.67704558999900
421236896091,400.0402567246770
421291865990,160.62346444631500
421311841162,208.17954200542000
421334895712,422.1623305699920
421354906723,280.72806476709400
421449932901,378.6855802371430
421454908568,413.2678988265330
421464841625,272.5918133064730
421549895830,486.0861404373290
421557906591,276.0477004297910
421592932726,241.65587420924400
421594841414,234.2656751751560
421636841788,380.22042778088200
421649841284,363.2261952757300
421677836785,216.51039581547900
421685813818,245.6887240455370
421739907202,331.06529227827600
421758882779,639.7732246717270
421761905567,368.12600536678800
421785890494,260.42496719970400
421790907459,243.76795309968700
421815877872,137.89350979960200
421845838878,190.80799333157200
421875841141,212.35559820400000
421883878655,407.0170756093360
421887896067,293.61345015745700
421903837008,219.39770317335700
421914822687,1558.842876684310
421924841217,248.98786141050200
422107839876,241.75894941655600
422173893124,217.67860187076800
422279836692,132.46058586875200
422316836931,523.2325440864590
422364893185,253.9334568988510
422488905927,492.2753751406280
422503905532,232.8103724968250
422596840410,228.80786977564300
422605885455,214.4230361731410
422686893119,344.25823940181300
422692896237,487.0627018930870
422718889340,347.2728650317920
422718895762,598.5388450384360
422753893342,264.4275746592700
422792898684,507.7032400320090
422941878481,195.06703631034400
422942839624,151.83350356853700
423029903465,166.90214524479800
423096889619,268.75473369898300
423152884098,136.97159371721500
423153884656,251.29604119861200
423160878446,307.80326485443100
423184882752,368.03172251786800
423194885000,267.9538658612730
423198884256,233.50983180335100
423199894188,236.27225187467700
423203905648,515.1358278832540
423215894553,254.357361759571
423230903102,256.4823226733800
423368839294,132.9605658059290
423376879571,279.94091089869300
423440880007,301.32352452854200
423484879098,349.9797600204730
423550878881,305.66350152771300
423554838919,157.06122383918300
423642903370,358.4531178418870
423701905891,230.18287029493100
423760891092,175.7977031557730
423786879892,279.31504342116400
423795878846,222.69761185752400
423807904325,292.35901757317800
423833882798,113.05862368576000
423862878695,218.05397725401200
423867904001,332.974206529148
423868903721,285.12383536307800
423870905005,303.6075679662700
423891905412,302.56105629629500
423898901171,178.96266877233900
423899905358,288.7687931887960
423933905161,292.8781608426070
423935905218,100.3470130694240
423937906143,268.2216567329010
423940904199,275.4301275582820
423945896111,619.8512391125370
423965903213,344.0044999332480
423975904780,236.90773673958900
423975904897,186.25740342777900
423989838088,237.25725592212300
424022878939,535.0991570588810
424048847354,537.8160659431500
424054848227,274.02001105657600
424075840416,271.24341083944900
424097904183,246.7819274314930
424099903397,292.40216013189200
424099904674,280.8594001143220
424100904045,381.2450422017910
424104904784,291.2687964205960
424106878805,304.3969189738480
424112904979,281.81214842862600
424125846899,231.81164038841400
424132907127,252.8122400239990
424148847924,309.9405903837820
424154905471,163.90070559587400
424165902825,397.9680468951210
424184879685,675.2508497749640
424186879165,342.0611415827380
424236847386,522.0716426070950
424339848081,475.6244604601950
424340879242,219.20300663012900
424341879777,303.158126286868
424355878790,290.7636907720580
424375906832,204.66866244040400
424384902879,344.1056586490630
424397903876,242.06903076836800
424407846557,232.49202106785800
424426908211,208.7908811829820
424430906593,279.938823792791
424432907568,301.37662080146500
424465906993,117.06132910168700
424477833057,505.10542192243300
424485848043,366.5011436506010
424487904204,321.34525431626600
424502903490,231.12265745185500
424505885194,240.72857836573200
424576900927,271.10329672246700
424593847183,565.5589062841060
424619904175,280.2228021018700
424663903143,171.51312216829800
424663904268,210.56792814197400
424714904601,237.6584947271570
424737905905,340.6491434603190
424750908283,355.6778108740930
424779885230,218.17767761876000
424891898802,289.99976192947200
424940838000,285.5262845157490
424961809183,603.8370678851000
424979904208,278.68389562208000
424980904318,286.43041718741500
425014904430,314.08888540041
425015908711,250.09681991884700
425075904846,876.5368321216700
425077906171,229.11929769194300
425098890010,234.12839164984200
425207847897,269.5384284078320
425243907130,282.3040654062060
425258914039,447.4901470737480
425291846894,450.437644149745
425305907420,201.77620529154900
425309882602,287.0285628086120
425315838085,156.11840460640700
425320910418,245.40904547126400
425321847033,263.2429988852260
425324846552,193.80719797001500
425341909908,661.4132126576140
425379907695,822.3972984499730
425408846651,124.98060017501100
425409893657,175.0362071267560
425410885410,147.2854262269100
425419910693,184.94948468855400
425455909103,492.5295193180110
425456898677,218.28487692050900
425480884585,1040.7669858376500
425480909381,272.73759565508500
425481900775,526.9074465915630
425502883927,267.44351534945500
425573898656,280.8803444180580
425643882570,191.6056665538960
425726877337,148.92663377266900
425750907714,701.7692743509090
425759940527,793.4011411833760
425771846082,338.7446166911020
425847837619,262.43054776688300
425867846919,184.18804564204300
425891838765,176.35672944002300
425891911907,438.19549909169200
425953877116,199.72476180743300
425991838371,201.4692204724180
426077909154,221.1681813581760
426196821761,233.5123143499440
426288881190,247.23184773187600
426349879207,277.6145041964390
426394882541,288.85898873840900
426422895136,299.9006124852780
426449843312,304.4498287896980
426477892004,533.8174363788530
426493839104,357.14145706553200
426494881594,251.6930327197780
426500879250,247.2940418660690
426546882417,262.69594166034000
426572910020,629.6160471188420
426717881523,416.92196428946700
426734880850,416.7686719347340
426789842900,304.0232833591850
426801881093,284.1065529748710
426844894709,308.5108443456150
426867895980,499.489228750171
426908817542,1544.8358215812000
426919881420,185.4726167215220
426934833901,262.1130068292270
427023885231,932.088424365697
427030841893,293.3738793780950
427042881178,398.73087599490800
427049843014,312.0911671374150
427062838050,276.00002216379100
427079894278,162.3726293002140
427091897096,327.1902866171500
427180819079,592.2344427451880
427187838123,435.6909366736280
427189841986,695.5064488608820
427216845104,1408.6375275860500
427277843390,153.22274691794300
427304843098,383.3665312640670
427310842857,258.14368576441300
427388876700,277.45575954042100
427518839811,384.05184160384600
427613832811,191.06016156198000
427619885192,290.69553393219900
427638842210,311.34013725137000
427638844868,423.8216305624790
427669817533,1059.2835863477900
427699837447,207.62012474527600
427727844775,560.4420341268680
427732822766,212.16138351184800
427739842576,403.0412220983100
427754842294,343.2924294770380
427766819555,863.8707114828380
427802832238,109.67600652337100
427817876548,263.46469841856300
427826840741,171.63923698409600
427862839606,180.21966755064600
427928890514,230.22319387407400
427957806470,564.7969653417660
427978844472,1073.8372272708500
428005845114,308.46525217083800
428017845306,258.6416941505010
428073890506,293.6353807855480
428115806187,527.8520163378580
428215819099,768.6970733251520
428297846128,510.3087717500760
428305818336,837.9340353705870
428415844138,350.76423523994400
428455896654,266.49196958159400
428511895681,301.37544926099000
428645834929,247.68996331230000
428688882432,189.396115321147
428693878790,235.53058186723200
428703881247,261.2446854953560
428751936958,838.9275087931620
428768935857,293.5131159973400
428776840097,190.39206525567200
428798844388,1280.9142639621400
428842838190,153.8205741783510
428988935463,373.56147046130900
429086893371,218.5713444261990
429121837780,210.653826578601
429154815473,1305.7672262443400
429165937144,220.97049286804500
429372877474,189.6616688459720
429414818655,273.0437949354220
429421877896,289.1129903530300
429426844878,673.3965337315290
429438936487,211.05719946190200
429441807163,186.54662543761900
429460936211,429.6839656279700
429646885466,212.42994996563000
429794877233,243.68465024724500
429814935840,370.8868613415620
429869888178,320.8176908817410
430002885228,245.57383573189400
430046836601,233.60773169267900
430060877161,253.8132481788800
430284840776,208.93960412129300
430403822095,253.13894283363900
430453934152,679.2470458295360
430454843344,259.8192887103530
430486877047,159.1137980358550
430565896052,277.6271259444570
430694877293,257.9586211265420
430810832910,442.9662567299770
430894888242,190.86487975738800
431057882408,435.38726022813300
431075881754,232.88732327676100
431099892038,291.6814979629680
431138807802,941.4910980981070
431144888805,281.7897209136570
431161892581,296.16764111486900
431188831670,507.7404363507390
431297877644,152.39623432624400
431327878385,1143.3277800371000
431333881841,253.32959216193000
431361833244,735.2385476730700
431364878161,327.9974220894970
431369882520,181.42636987546900
431389894464,174.63555426716200
431391831285,507.7404363507390
431399891245,222.32075627081500
431460882308,259.4874718030810
431545901553,112.55682618371200
431579900174,663.1302548224860
431616831000,502.37745988243000
431764876644,260.2765538916100
431840812455,1127.1299403480100
431908842284,127.62786063177300
431921877472,177.96732176751600
431958895769,231.8686187980400
431964900571,287.51681834903700
431976846851,1446.1637355629600
431977825251,445.2176531044800
431982899274,172.2147635903110
432090842023,176.2723329135360
432344845561,220.57537911919200
432397845375,268.76376674609900
432471933576,150.83520426863900
432504808098,315.67735332072800
432610843398,215.71880590538800
432634847225,473.82853159623100
432686890497,245.70917345164700
432955893131,142.49174884569700
433038844123,185.90653364343000
433167829349,761.8920608790870
433272828499,312.6666615376170
433372828774,319.3011556820530
433389828284,126.31424955013200
433406898774,145.6387181052300
433416817656,909.1432598766420
433462830592,414.9124572823240
433470830245,474.47328763470200
433590843691,470.8016837550710
433644830167,338.051220037333
433648818518,418.74304703712700
433663876545,267.15488331080600
433727877656,363.4715003284970
433791830879,202.13560901421500
433796895527,301.24651209045400
433823836698,399.45159173433100
433907818920,292.2508534558690
433934878492,402.68229842630100
433951888750,314.7825040942590
434174913458,354.288872673541
434199912814,243.843759535197
434260895269,360.16252856217700
434304840646,297.7178314462660
434433880130,143.1371032201460
434446830172,149.95051546602200
434466840551,303.9746373259600
434485876092,225.3589142063030
434507821014,253.7222645337180
434548876160,188.00402688173400
434586840790,222.7452950104780
434635840311,351.6869066504410
434776877235,149.29438254074600
434777880088,210.53745321173100
434818828333,1280.9188480622600
434882828030,749.4240143353140
434961876071,308.51023583847500
435032876203,225.7820227965960
435092821271,262.5716716590300
435145813926,733.95363129133
435187876009,143.36463741166300
435244831835,425.9205784472930
435248813652,531.046298893062
435291820991,512.2607320805190
435377831924,213.2212716862310
435381831652,142.49787549362000
435466831704,138.32667157382400
435507814118,752.1663788408220
435563815258,1280.854979175920
435702888055,243.5585612742920
435707813885,589.7341069450240
435763833346,1403.4874037166500
435913921242,520.6462139999920
435964833397,216.63389457570300
435994910894,378.791610506106
436027832362,511.42001075157400
436055820697,263.03092839912500
436077833259,477.43676625874700
436093841101,184.39947838257900
436133832121,401.92900164126300
436227833558,307.1763122095180
436248831065,128.0857461495020
436262877251,143.33049764385700
436317832394,447.5542725519170
436324833365,454.8717864479410
436329829671,198.71583254381500
436370881455,233.93808994215000
436385881653,166.61469379421300
436391893650,299.20460827295400
436393878973,265.3663426370400
436427889016,306.4087189171380
436456889317,369.36464460142900
436460833287,298.0938882523280
436553833017,260.7280672247290
436585881245,216.12384961284100
436594880853,256.6770346665430
436600881705,248.98836120188500
436611876159,288.43829726560300
436615881558,181.137788731547
436635881473,198.4938344231240
436736877249,271.783273537677
436759833617,179.35151063167100
436815821637,236.3703789995970
436872831442,238.14400295675500
436883829693,199.11780821764400
436906910605,368.7649274016150
437003880103,368.54590880116200
437007815588,454.5011670952430
437098923293,338.09806415641800
437155829913,176.32189816452700
437220830119,599.3169482325480
437312880112,346.8985757088250
437379832124,294.05420487897600
437389830063,553.1292290921830
437506877433,115.33069011753400
437528829673,173.71682276339800
437614880116,409.63918028575200
437779832953,251.90268205543600
437783830194,810.4598390252960
437880877496,217.61346937507300
438178923402,150.66872191406600
438271885130,218.55234217347800
438339830166,271.52821357146100
438550833040,237.52292648437600
438572833175,137.78642649476700
438724830776,305.47120908103000
438732831148,350.7447190424640
438749903165,223.645696388322
438840832698,163.53697644183200
438876831832,310.86268918235200
438922887635,291.88753356080600
438968888533,127.07519830101200
439019887458,272.2522788581130
439103841839,1360.8461268341700
439207829361,474.22744406784000
439223833719,705.0449161514790
439335829570,251.80627201760200
439402877421,308.12178249317000
439524823105,375.515196260406
439721893005,704.3038840306550
439818832822,197.97773922288600
439850831316,182.28747182541700
439858919529,297.860011992224
439906831155,180.45267490692300
439940919467,219.89338765111800
439957830727,616.5859632332730
439986883137,297.89161239033300
439996883034,305.51461163153500
440001884214,272.68224469507400
440230883150,346.6445388715040
440300895123,793.3308954052270
440340884686,160.91364742381000
440363833770,311.0930021750910
440375884133,211.93511416085000
440436882949,480.20469347029700
440437831007,809.6050831772390
440455842733,202.27137065932300
440505917269,116.07808311219500
440509879873,226.95929970657100
440531918062,490.7185247379980
440551885142,180.9048485575450
440648884069,227.22227335903900
440779877280,118.35164688725500
440948917655,533.2754276583400
441078830539,731.1303689317700
441183877247,160.84575811470000
441205808213,188.73930972700400
441281894457,233.47105228407700
441405832612,204.825392047376
441502877684,222.72952078076500
441524832707,274.51765696067100
441541884154,777.2314360354430
441592876267,477.28584253894900
441593894246,522.7872309195790
441627899238,263.6447310940080
441630898770,133.09319479780700
441759833953,153.9051338021900
441795881232,351.41470679306900
441796833510,261.043605126955
441826885917,365.07542563107000
441870887265,272.7814791231010
441879886485,270.69438295312800
441913833737,233.57792440365100
441916897774,253.89155003911800
441919899013,368.0131777098540
442001841963,314.1800209029690
442094879424,367.98511264271400
442181841991,190.6058365216330
442301879765,674.9184583960060
442364884754,747.101229201696
442460874281,377.19418381102000
442470874133,280.5507104432790
442493908355,338.3152037380970
442549922843,286.2487854519030
442583883340,207.57331845526200
442625879106,261.2512701035620
442650879899,138.3310648131850
442672879459,292.45448932952600
442689908495,227.3377358302890
442703884822,182.63066884424800
442754879899,138.3310648131850
442825879176,234.09021857395400
442829883756,326.51933629644900
442844874392,272.51641485635500
442847876359,292.43997319269000
442856880099,244.21326175192700
442943885153,175.7100735581280
443199882750,293.52124988544700
443246879681,400.12279910733500
443266891717,356.35971914862000
443313842447,186.48687677648900
443335882817,279.5316169111820
443336874283,277.808926092788
443351850121,311.2050681850410
443407882841,299.35476677050800
443457879885,563.8989145350250
443494849016,345.23380847408500
443546849201,291.6240771147050
443556850110,300.8640898207460
443626890643,191.92196322321100
443718850076,208.4843199611750
443758891002,319.49438845549600
443780891238,258.9925605984860
443860891690,314.3497368135310
443892850140,201.53204855433600
443910898399,218.54731144788800
443931891692,406.2752830295950
443946898635,296.3408393227380
444012891363,152.7555512819510
444035849014,419.5630535660610
444061850333,322.630278201285
444062885699,853.4488402515450
444085898067,310.33885172510000
444167876502,254.92967234851100
444249884184,446.0653796396180
444282877070,286.80250918671600
444303899312,889.6531794662350
444312900333,300.5465587674510
444557897301,425.0451572106590
444595899102,262.05531950856900
444642896245,666.8939497072960
444645896936,547.0946473834330
444670889675,267.4086307583710
444710890299,398.6355197901670
444782849253,263.7828400471130
444789889958,438.9610104690580
444900849855,112.00133890006000
444925887972,552.6657304012320
445018849213,222.244018662915
445212850050,251.40130083664600
445214849305,226.39667000725100
445462879901,238.0964842802230
445516877406,169.91109465410900
445625889547,354.009680228265
445704848202,570.5023912762350
445734843805,230.38496286425300
445747845437,199.17330685538600
445777845359,229.62812208490600
445798813904,471.4783499337840
445829848719,325.8512571048230
445896880053,306.92700433311600
445901813613,483.9919616931720
445932845192,238.2708214150270
446019880103,169.1825867537630
446030848735,335.7414421712650
446039843641,190.41106234544600
446074813539,545.2340568236040
446154848761,391.9664362072890
446189813771,586.6481528844360
446281813445,464.0297715055760
446446885064,233.3611013745670
446648888100,458.9394304479460
446717845244,183.12794351461100
446802849036,238.91068340185300
446997848665,235.84605198361600
447011843917,194.92413250583000
447140884361,1085.0330818249900
447176881851,433.94795575845600
447233848716,374.45308212431400
447309881616,281.84243880112100
447314881185,257.17619971703900
447334813705,1593.5547507291500
447481842961,246.2775343585600
447593881244,433.3324351097090
447597881840,200.76745405267700
447602812400,235.37017810527900
447644880746,210.21289648779200
447790880876,243.39881019241300
447809882091,201.7063148385700
447817877421,202.60560248350300
447840813834,246.9730128672530
448057880893,189.30891746932100
448097854848,255.99601001608900
448103881663,289.6651225638240
448117884724,317.53815586854200
448118881954,318.4611880127340
448167877024,408.7739803447170
448177881228,338.1207407365920
448195882036,523.3010393897770
448246849754,290.757304432945
448247881356,1552.5047596348100
448255812720,301.75913437855600
448470875115,674.8734751874640
448555881396,275.2547756881530
448604884573,185.27422935303600
448674900366,247.29804286849700
448746883984,1268.8715765570700
448767882793,1301.896186034360
448889881978,302.3168881989270
448907880482,248.5200773592850
448922853422,737.4616219105100
448927877428,253.34779242990100
449027846403,138.18595993556300
449038875417,338.060693375084
449082874608,295.9060615149290
449089881994,348.09628311338800
449134873611,112.92347751929700
449149901229,238.02436506902300
449150874320,344.6949165234600
449176882791,985.4593692599460
449203883085,581.9752591519950
449232874548,655.5630282970350
449238882183,438.7185601068540
449255901582,995.4179561398610
449269874146,245.18486838568400
449270853259,226.71590109808500
449274877200,299.5452623620270
449305883130,531.2337876568380
449309875290,354.5552931202390
449311882035,230.52653639416100
449386877244,361.1965610620330
449408882761,863.2522767810410
449453874566,316.30752521453800
449457880988,509.4141406615350
449467853289,199.35266287975700
449486877778,218.66809254968300
449530883175,763.8142051062870
449541874013,760.8645237945840
449563886118,252.53561003707000
449610900243,275.498655870148
449747877065,441.75173406358500
449804876813,304.16966524955300
449811874475,571.2703655325190
449940874392,596.0798769766250
449986874615,599.5397931100380
449993873272,237.02464212087900
450045874298,690.0047117244300
450132873192,112.43731489427900
450181892814,212.87869116328700
450188840458,184.5158084942010
450202880892,179.62237775322200
450263892717,307.01691516504000
450264874603,360.4111762347930
450321874022,592.5318635591030
450325874216,941.5337121816900
450393873782,339.756392611303
450480906566,327.2372551525940
450497872972,181.7824273414420
450507892902,348.5896174050550
450545876613,442.13435696885100
450617883670,124.66252274803000
450663873902,316.70549613409600
450679882542,370.5049736495540
450742872934,242.14560121398400
450754883405,209.64616995515700
450788881508,217.03733347132000
450881876587,217.50931061509800
451110859016,271.56789715057900
451202882545,238.4268205065820
451215909908,683.0908971657180
451309858702,231.32790116336600
451356882155,228.71917267276300
451375854937,268.08189437776400
451526858053,992.4755640819600
451565858833,270.64400142644600
451588877392,286.41095484536400
451671883820,476.36843182244900
451787904833,412.69395460816100
451884877215,260.0193888594000
451920858628,248.04685995706900
451951851374,155.7429650921170
452133875621,305.0707961102610
452283874359,666.559751143619
452390879233,205.14134074068100
452405878940,299.1828617322660
452415847568,394.0679896837550
452489888808,292.94943042032000
452496846569,485.8668150570820
452601846464,542.6795111366460
452701847200,477.4603440201840
452711888796,307.7999493760370
452782847051,540.5303153078480
452843843045,578.9430245233610
453065859652,171.75883261834400
453084846668,484.0878483933090
453084847584,459.8373985564360
453333848036,833.230886285919
453430847503,472.69892198823800
453563846884,400.8009065190990
453563847369,409.7392006329480
453606850038,1308.6061679363700
453634846267,444.5038741547650
453648848094,901.3970665892020
453716847985,490.9451759031940
453792847126,1035.1906749438100
453796831022,262.0503077782110
453806831521,288.9607189412890
453819831142,191.74536218890800
453862831384,275.9734520941180
454015859491,362.112436536332
454095847427,982.4547396721010
454278847712,356.18771519804
454350843385,295.38448531478400
454385845934,921.4292316331830
454392847126,977.6876494780480
454468847789,469.8713322794650
454549846267,495.0476690149220
454573859694,251.58816984609400
454606857436,200.03959276603200
454621846884,458.0842680959150
454621847368,406.24216223559300
454646857059,365.9233909288220
454656857214,252.56440865420500
454663827524,283.8801665671630
454751847575,970.5370141869690
454752846678,972.6226161468670
454770827569,278.82006097625900
454776846086,547.1637379604270
454802828120,247.3582021669330
454956828167,322.06149342490900
454993845999,712.0423287423560
455012828298,349.1628802667270
455015830073,1110.1554521264300
455025846874,971.1329004612260
455025847377,974.4102749696370
455027840926,154.77386887855600
455073828614,375.1281599395980
455111857443,276.4486855314460
455115880054,185.27792065076
455118845636,820.5258569573260
455130828281,227.89357974232300
455243845033,1255.1127580760300
455277847126,919.5887377380310
455299846678,972.3246730097390
455299847573,972.6226161468670
455308845816,282.71513915191400
455424845954,214.53356763742800
455444857596,465.93069863088800
455452846528,507.56599659258100
455473846852,920.4825671494160
455475847401,1023.5708925958000
455519859848,390.2440683921140
455547847758,653.1814018040080
455558858622,285.9497795242650
455604857791,215.3158274630830
455620858720,406.6441441961710
455628857542,241.11454887306400
455651847843,621.9085326435930
455683828695,241.50752040777000
455688857945,479.5551405656810
455709846652,1035.4886180809400
455812858695,426.7402114001090
455831847686,751.5757525500620
455863846956,933.2941220459330
455866847295,978.2835357523050
455891846550,542.4522991340490
455903859248,452.95669518848800
455912847626,839.3998872099790
455926857099,138.7592525399850
455964858587,316.16478649965700
456068846454,767.3435683087820
456068860569,276.5130265096540
456072857539,478.11909151039900
456088859827,1144.9259786695300
456090845939,239.8561050908780
456091846067,210.02993185969300
456107846341,953.9629578030700
456117859048,558.0041169514290
456123847690,843.0412034114080
456128857683,236.05043734113500
456134857721,244.02065633620800
456137858772,216.80330390172200
456142860737,463.0963728462780
456164860019,559.2051462358390
456271860311,384.7064182817760
456309860103,441.16990671473000
456324857422,476.7414927990370
456327858011,376.64579304227000
456340828676,600.1573736137530
456382846115,326.68159152639700
456414859736,462.50445546644800
456426857773,471.23195711496800
456438845578,212.27150541024100
456498859393,280.1887863922650
456499858480,633.4478406181620
456519857580,184.33959671378900
456521859735,455.3541843934750
456593859637,389.00189282781700
456595859403,361.493769928193
456601846299,208.71369161963100
456606859081,455.4688722358710
456609847265,247.61358296407200
456617859223,289.5772947077040
456718860123,502.7724780049430
456719829265,1107.5418445680800
456720845606,260.8639224644960
456731846005,214.2300774266290
456731857548,281.0875508368800
456733858497,476.0334895505010
456746859447,268.55294991153000
456872860401,307.8370889026770
456903847203,366.4833703328910
456943847390,284.2452001842770
457072826841,137.91692051288600
457128858529,359.79748002281200
457211845904,261.9970795929310
457218846060,374.0135931825870
457224847384,388.8858922092030
457236857615,333.10686720632600
457278860862,139.8065091859580
457309854380,1005.0795469604200
457372857343,413.77935307824300
457587860316,327.38397289135500
457672859189,285.44765008681600
457714858845,249.22111395872200
457786860078,326.79010076928400
457791856417,224.26828023275900
457797852711,345.36858549882800
457803856600,390.6305523095970
457817857316,276.599018444405
457819858766,306.60635901124800
457885858717,137.0232082412990
457944857128,203.74111132345000
458002858600,365.9141679091250
458122855863,301.14755394322100
458293845246,863.9501471435770
458300856685,245.23422441836700
458490844768,118.35768495079200
458656856293,545.6091504402300
458694857175,207.66268405867600
458732857936,290.7953913443970
459548827498,811.8230443319420
459631860394,258.56091493026000
459702856515,179.76313964804700
459795857143,331.9365845388260
459892856645,260.6103987057330
459910856415,315.21129997417300
460153860360,325.2225444107150
460176835011,274.40544109267900
460215860550,321.80683885384200
460237856340,843.5561102176490
460238860759,471.33833308783500
460260859877,296.55150955556600
460275827318,172.77203085044500
460275860932,249.22930389727500
460389816704,183.57067912492100
460389860521,321.98419453494700
460604856457,453.532735577049
460634860025,289.31801971367400
460645860657,367.2052706046910
460691860773,391.9523654174690
460696860378,386.76382366587300
460838860447,379.09519535264500
460951860113,636.9895358090480
461026860548,267.2409887430270
461079860990,182.19289565420600
461174860932,254.85335277817900
461215857390,199.51796515998400
461274812865,308.212885294752
461399862650,285.62401914563800
461516816845,662.7641958626650
461541862338,263.7850938103530
461569854443,264.00985500158700
461571860286,236.03773139940000
461657860646,355.5979258490020
461969838603,311.27917761079100
462381858921,467.78161072615000
462436852308,207.89184688637500
462449859772,935.142179119173
462478852026,494.64564128279600
462484856343,259.1049138091360
462579856697,502.43140512543500
462630852613,492.80202282035100
462642851988,481.2014974655030
462651851373,448.1338859108660
462672850924,611.4913235395990
462687859280,547.629390057526
462869858092,680.6471728144830
462917834023,201.38561640950900
463025833513,181.1507371011470
463054861285,281.7471219040750
463081862192,341.0823832828140
463373722955,269.7012969449440
463391861996,241.3195544677000
463502860232,281.29047624818100
463610855142,249.2582355286590
463792833819,195.55349475393500
463794840554,88.39423115509290
463973862172,162.57579623028300
464009841405,255.46831987121500
464094841264,151.6107656727170
464136856056,278.25829134376800
464153860723,213.11377066029900
464230831954,411.17538849265500
464426843969,137.33180640039000
464553862669,303.3553052932760
464664917828,229.49513117068100
464749861069,206.00986271835200
464770844147,234.2867573097870
464979859928,518.9666929271030
465007917235,367.1167402793480
465110861452,567.5994940158740
465145858847,260.1913494300510
465164917190,246.89844436258800
465315856556,262.82820169868900
465322857556,219.63470058664800
465345860455,300.5928214493900
465467917310,133.29653013610200
465494860756,255.5702852147250
465693845170,373.3407960596350
465760859022,172.72525675584000
465810846750,114.05178250471400
465816847482,340.26300939283400
465851860023,535.0633158684790
465864858282,418.8052698545540
465989860739,227.57748633416200
466026847534,306.66439429552800
466280859160,243.78787890609100
466353850183,176.42991117408200
466430852148,282.8602719627230
466438858981,392.19178985133500
466470846865,194.9085589557310
466525859465,223.22436075464
466530844541,229.23623253618300
466609860764,206.39129844136600
466676842412,261.4994410172640
466762838797,241.69826155606300
466773844847,355.47506425871500
466821845960,315.510143576406
466827859200,441.84800777760700
466831847119,411.47057389038800
466835841952,260.09892110141000
466846856516,256.07396639526900
466864846013,262.39177786035000
466953855491,442.5884911375250
467005846613,273.7171202747890
467026846234,278.60271753249700
467051843583,1492.3965869542400
467073846778,403.49555951293700
467110839102,197.95144085809500
467130848917,232.51564664592700
467140847442,357.25676070528000
467157838988,339.4299375375540
467179843335,364.48585583807800
467184852520,441.4010907677230
467209844309,313.28375616195700
467211833944,241.29544100611600
467213846117,353.23121309481700
467214859948,280.04534395673900
467256826371,244.5892570393620
467257853217,298.5365107305150
467315844084,227.0168289863970
467363843809,204.1754547141500
467365843855,197.82186940076900
467372846115,301.1651537419450
467384845362,339.49868312626500
467398860539,266.93504572935200
467412729257,254.90471739398800
467436847200,323.2674101537550
467458848767,329.56966403584700
467478846181,290.8404108731050
467484858955,218.70831672855800
467501847572,265.75592734252200
467509858801,311.98899820911500
467517847994,366.57658561958900
467573847087,265.92227100686100
467591848839,221.0288329117550
467629839905,234.12576252050100
467641837286,248.9339850740150
467646855046,280.7296616067910
467660834322,101.33395074285600
467672843312,107.22207550582000
467672859205,258.83921293829500
467723737455,726.6227068267750
467740860719,180.60299950583200
467781917252,401.9798550727360
467872762697,227.9619943238830
467914858761,388.3141921274530
467926763157,299.4559792136360
467944845569,240.2942484277450
468016755581,518.1159735021970
468123850112,459.94229197026700
468147835702,238.74608961644000
468147838667,282.95648347202300
468162839948,293.5018011869110
468189859169,382.3504789839830
468224760430,187.36777163006300
468258848497,246.24478696784800
468346860742,252.83041894635100
468351845926,297.76820451871600
468361843080,281.28910526578500
468364844046,159.71636830491300
468457860303,283.39766406430200
468482842165,406.0745620508070
468490842935,378.29258561421000
468490842994,249.298525154682
468496859265,224.79271102718000
468503766568,304.5759015674090
468505807313,873.3343393597720
468510849638,156.26949510891200
468527843143,229.2611370533520
468576859224,374.3158511710810
468577846468,302.44140309378200
468579846546,227.55512978263300
468599745513,305.0957958092870
468636826602,111.12081242626500
468660851184,246.62088563257200
468668843086,395.30905771574900
468683842076,320.09556589760300
468717732719,831.1259493274380
468724847857,369.9079387277590
468734854390,280.4897662269860
468748834525,392.0690114984010
468753860560,307.95172916823500
468768857373,228.38441754620100
468776836743,264.9534007579660
468844847798,304.69508955781000
468855846039,220.84796988129400
468881860793,211.56379278769800
468882843107,420.06437859263800
468924842796,362.8217833287780
468951845814,265.4525981701220
468955843937,296.2147277333150
468999846221,336.82944063147500
469009860597,242.8582071447270
469019846736,268.465250495167
469060847228,92.35462564107390
469101843166,391.1625493054970
469107845996,205.16251429628100
469115843283,167.46607076236400
469122845917,289.45705312730400
469252846617,618.8792504254120
469252846782,387.30313723334200
469257844102,238.01733607214400
469257858683,390.30235042567700
469262842724,291.92731640813300
469262844027,363.02113703646300
469268846120,236.92206937512400
469276843875,236.63103158670600
469285843214,237.05410411003400
469298847206,242.83353492647100
469389859800,243.6769618376790
469414846471,659.5105056466780
469425845951,285.4727974373490
469462860189,274.41200096695800
469494843274,244.733547337619
469497846627,278.7133326822710
469593842699,265.7912596707130
469595859626,558.2969008865220
469621842235,321.5682580073440
469626846619,392.74122618218000
469628846407,289.1413424817610
469631843910,157.38400614495400
469639847254,375.59180775553300
469675860482,283.7564859254830
469679844090,662.5189896236670
469713857945,243.55531573894000
469733843888,427.67048885946600
469740857539,407.28302927166800
469765843085,258.2302309153730
469783840933,262.62135767401500
469797842161,388.4238376848390
469855852224,277.26703434432300
469877846438,427.92571436347700
469915836769,233.32400288449000
469937843893,323.1782133210120
470022846911,323.01462114482
470028846002,284.5216454950860
470056844162,693.1842498268160
470056846683,735.0579888873780
470084843777,378.3480851370460
470095841153,268.9737099720830
470235843168,176.20668547122400
470243847356,303.862335525871
470254843682,304.21281614246900
470256842427,204.94114361613700
470329844371,1354.628876834650
470383916364,159.46589698411300
470387843861,498.6259437089920
470395854420,242.52440579690500
470403846196,561.9472964086200
470410845397,77.60412781771230
470416850025,333.68411135341200
470468843631,251.92828762674600
470475846920,761.2756887372270
470524848560,298.5016230441190
470527859222,235.740247900419
470584858550,244.42955196365300
470606860557,155.71138141140000
470617849235,248.87553094369600
470618858984,220.1336018862360
470632848637,236.44668063214200
470634848837,247.8439861493030
470641847345,262.19750937789800
470666761048,159.9307617139440
470668844066,277.75129132554000
470751844099,723.3203083781100
470757846605,240.7748726478690
470764847129,381.4803626882840
470766847315,318.49531580212700
470783845376,765.287718390392
470800857899,666.5306557375980
470837860781,296.71429959738600
470842846795,327.09031256302800
470897846572,146.50594506042000
470981846516,100.92984138611000
470991844185,419.5408299268540
470994847920,236.9816164800960
471068915912,314.7050995154720
471114847480,293.49447685720400
471132845883,156.1767876165280
471135844199,236.54037606591500
471146847999,264.4492871091500
471193855269,177.39364371963800
471196847901,241.6685165497910
471204853430,445.01819137475000
471236827938,297.02284168112800
471248843651,568.3028680038970
471250843708,229.8714876550360
471251860591,157.0569091765930
471339845950,442.6327140753250
471352847150,579.7818275719730
471353848655,295.7668187006870
471365849343,327.29069452440100
471393842938,251.1025682145780
471420842810,222.13391384336700
471480827819,74.2698132803619
471518846263,173.04452365611600
471518848902,184.37167259923300
471594847174,240.8297388826970
471728845075,717.176646669073
471732851443,274.3293379174550
471737847519,364.76431449818800
471754846878,244.76058205399600
471755846928,278.30730768804700
471757846577,269.79629477094000
471757847212,325.3897927111460
471764846258,184.64518076912300
471779845382,391.7725004742650
471873846470,249.55023427194500
471912847894,246.69972195029700
471917846657,266.61742153426500
471946851045,357.3401193028750
472083846706,295.72261368695400
472111848391,226.49921567594100
472115846823,432.11023607745
472123842911,241.14366018951500
472135845975,358.47062776557700
472158856869,292.8073760170940
472183851003,156.8907115686500
472256860611,268.9430242153980
472266843934,256.6089468320550
472266844141,462.44215218572600
472267842964,245.22400765611100
472273846021,270.7117186817410
472297845937,419.7426939031030
472299846360,436.6441857062100
472326847252,325.3815315084050
472338846612,275.72697877013600
472412860307,247.73099602628300
472427850630,500.51106315926400
472456843213,324.03441748427900
472459844353,540.4885192141310
472499847241,229.05364722056600
472507843691,354.348463810899
472507846185,251.8104179078470
472512847172,283.4008256328320
472519846840,397.9175805073570
472526727194,203.45087200615100
472547850884,292.6155340839120
472639846368,144.24456212526400
472640844849,670.3966570720980
472649847317,464.1972938130640
472659845384,188.8179031357850
472677848011,261.2108430531950
472683850197,446.3916527356190
472705849068,310.29600091343000
472719846479,306.90549148454400
472803843210,239.03260293008700
472808847179,334.0701115441680
472821849075,213.81776423337800
472880847430,286.1587935235140
472905846145,974.8717517931730
472921828838,247.7505575749780
472933860590,260.9683969618800
472941860183,534.9020550969400
472957809160,441.31029991749400
473024824458,178.07603452365000
473025843826,321.42503938308700
473028847123,322.6141787158300
473065842951,567.4988434912350
473092847307,205.63522618548000
473121830045,351.2040497482700
473165727570,219.8361803325620
473185829708,320.85537073882100
473234860140,293.87679184005200
473252860179,472.61108884993800
473254827931,538.775535694125
473285794451,349.0073261926350
473330772865,304.1804050747070
473333914129,284.9494281400750
473407825665,249.9702308167630
473444832205,609.3373542642800
473501843618,338.5120352954990
473519843970,262.10041642547700
473523844780,1435.2503606307200
473631842080,218.11567195845900
473654832435,243.89203893887300
473663844568,250.80677263075800
473672844773,237.97127835718900
473677844512,269.9396419217410
473703841173,231.80753674938900
473724840027,436.48766094576700
473783841958,198.6490647047860
473795843269,654.3603689505440
473796813217,279.1801668530960
473808844602,250.65477007706200
473812843577,283.33000728667000
473914720897,461.6317099323890
473920862191,284.3765004455710
473982833569,327.3470667166200
473999843952,310.809557059424
474052843605,239.20817639894200
474074833300,268.20637603349300
474128861207,387.89918342220000
474181844170,316.40424519585600
474201845954,308.0277272541860
474232715973,196.5024565281600
474232841102,252.54868734068200
474243840473,160.91458060544800
474253834160,219.3479321870970
474277813981,421.2122060781790
474315856930,347.9612670893960
474325843990,290.3954511980400
474333842039,288.6737246557600
474333842160,287.7798952443750
474347847705,1444.5853745134900
474359857188,242.11369458066400
474379846147,323.5854649424810
474405846605,286.18085868234700
474424728361,393.09670233138400
474435863309,235.3282974239350
474437841910,315.8934548748770
474477834354,227.27646481230400
474512915540,248.71683985134100
474517716407,228.46597755847600
474584863337,269.5917581936890
474608916272,225.11178522766300
474613727005,599.4838922460790
474631856718,194.75642219011300
474640728348,496.65128256072900
474649846634,621.4775396816180
474655852985,252.15399925359100
474717809034,374.6850115305600
474721847458,426.5229710469250
474762816235,268.29330788774400
474772844546,311.1605228946840
474799846696,383.9924811113380
474823746910,1031.0066316269300
474831843585,234.38009227820100
474870842674,248.88555821276400
474880915329,136.1538984365300
474923728147,688.0565259561710
475041849840,157.32327657824400
475052846302,230.81255824422700
475090844558,411.11810477285300
475132855277,368.101201391615
475197914051,272.2565293517700
475205863153,178.00256119523900
475428839425,170.7240586714700
475452842121,457.8363024104910
475486846911,258.6836118980260
475630745939,499.20072573537400
475631847814,325.6114769207990
475675840401,337.43795875038100
475698855967,242.07711860186000
475732813733,542.3389792116400
475741846832,288.83337178619500
475762846112,1324.7867012873400
475789846525,226.38287330575000
475823842270,722.4150948725400
475842811614,226.46800215647500
475851847585,331.0960632246340
475866842395,276.7583678452660
475922846000,375.81323525907700
475927840421,427.436215378132
475935840258,260.3824292092440
475984840923,145.1350610139160
475989834169,305.08224732277300
476060821768,417.96726429541400
476093843519,442.1153513929670
476105811096,404.06732860389100
476116847269,301.3449029330370
476125833960,374.83019219589200
476141852881,374.56486218736900
476175840917,192.81274169937200
476177833534,430.81640986310500
476230843444,402.9654463542850
476276833516,381.6924157804720
476334844783,768.9231486415830
476345848029,632.2642563158410
476349846644,591.7296951873570
476409846684,295.6880462946650
476411841001,312.94516141636400
476448845955,295.48654279643600
476460833455,306.7782689336310
476463846774,223.71615494138200
476473844193,272.5507962123460
476481846019,506.63954280856300
476519845703,270.16396781041300
476556842552,184.8819061021080
476577833822,419.8770871666450
476594843835,399.1254139083080
476594855893,249.65059041373200
476609846441,536.8259238892170
476657847365,493.61993388978000
476741913828,163.19058978450400
476745841680,449.8669078707980
476844844159,535.5468659635910
476865831523,459.3253059389170
476880832681,333.71423002443700
476930847599,385.058603530365
477140842075,494.93358112679800
477165821078,448.4492654177310
477290847734,355.1577928451050
477308848159,132.94067786886400
477392845033,269.6077455108790
477398810178,246.4853614861340
477401803182,140.86556549838100
477511804069,277.80781478356500
477592845827,340.21377234606800
477596863065,268.5337376099920
477685842086,75.29194196631220
477752842766,287.9430470653920
477784841934,337.75586694483800
477868842796,303.40027191521600
477969846943,187.06098550965000
478057838712,386.01090724949000
478057844523,370.08083667317
478139844826,732.3542452281480
478155842692,370.69202099264500
478172845040,801.1521219468920
478311744426,167.4821924203000
478323844634,541.3493626648570
478337841845,303.26989212170000
478339845065,429.0016883352260
478352843891,458.8464703358410
478467812680,258.8335594962790
478477853095,235.92643534578000
478485821080,272.7899478022760
478512825227,190.15257553125900
478590864566,292.65871159625800
478643845227,192.80326189896000
478684807084,321.125862658535
478703844185,197.2964782162100
478766861132,372.30580484629500
478792841854,664.3937218392330
478795806963,276.97485778801700
478804842214,332.699517946992
478812842060,422.0653881440730
478818860271,162.51059063117600
478992842631,395.7779663188510
479079840456,501.2157147255590
479216741777,245.14610026930600
479234864508,602.6870303533220
479387844806,261.71662894899900
479483742620,166.97984329319800
479579849595,363.0961856526920
479592844795,517.6350170007670
479605852191,355.82212701804600
479636852488,227.0766004664130
479663842483,460.04499875540300
479817862048,232.29082088956800
479881840416,266.10006260806400
479964843008,381.2784993188310
480043868489,917.8337621677310
480109847650,391.1374672581180
480132844493,255.74453341014200
480282845602,370.03971291006700
480293849473,345.3779915285140
480305863662,1030.0468690743100
480316836741,721.3821917934570
480386843620,254.58131551348400
480419845758,484.1322588396300
480441841131,285.0105254159760
480453843720,145.97153845880700
480464841749,273.33819510884700
480527843883,281.7389447201290
480539837043,508.2077360134660
480637845743,297.97540381517300
480653845076,189.5385623586070
480665840817,166.71152795737400
480699841894,306.08599651160500
480761835316,302.2438667757300
480766841695,242.02689877474400
480919841422,518.2221358989380
480941830595,345.3701496814900
481085844680,269.2042572453150
481093850482,225.39641475925300
481125799862,415.4405221922440
481162841402,616.3731176712240
481168817512,206.45082909283100
481227843559,493.4870433096310
481332844477,138.17749128210900
481727826303,215.64444726305600
481782843948,314.41441545161700
481837841266,666.9489215163120
481871841344,871.3705066893160
481873836015,272.05241528323700
482272838733,1045.0750339864500
482314841892,1291.0149566548800
482425839324,1231.111310256660
482599841590,1004.1396843102600
482662838318,802.5679698769540
482812839478,1050.315533481090
482840845549,328.56379445885600
482987844573,1054.3904343675400
483021837990,718.1997501896460
483277744387,334.7860080376860
483382794796,369.2487371470790
483472838933,404.74191552887700
483480840182,1079.0840022993100
483618838423,1408.022602349100
483632843504,456.3693462384250
483670840509,1549.1772169406600
483809853957,406.4020522411200
483843824999,332.28441131942700
484022839520,713.6413821345720
484094821157,286.0069608938830
484197840161,704.8655775598690
484325838613,754.4908733215960
484363845226,290.7964165469220
484514852054,275.85987387094700
484627838402,972.1347776408580
484650846387,792.6709815531750
484869842548,1454.5838143813600
484913843273,1550.92014074281
484914844252,1028.1463283667300
484962836934,357.9250623426210
485063838700,1124.0965504678200
485219837418,598.3270143214580
485420852844,265.62892224949400
485438837640,408.2016726846690
485466838631,990.7111994684890
485521838904,356.5626282508140
485545839368,1064.216093563790
485569841928,1553.6609522597700
485577842162,1209.349166870610
485596837889,356.3476818626250
485597840707,1571.6598932748500
485895838764,1212.1829316495600
486033853027,243.1875406395570
486102839500,695.4455685187420
486133841657,1483.1103150520900
486295841846,1073.594237124720
486310846857,713.5492348466720
486353839586,904.9293892973250
486411839332,305.11985337182000
486458840143,455.66081793826300
486497804919,573.1079379274230
486815839826,679.084620255971
486819839647,306.38916704235000
487087837721,444.7160470740020
487453838430,353.04591006547900
487540845116,383.55621804017900
487568838391,383.1362456121400
487674845844,351.28493813404400
488149802119,754.7975067129840
488258838322,374.66921897804900
488309844505,665.760513965119
488629844895,514.6151728461690
488695837002,199.4243337866830
488743839652,-20363.131256764900
488787805340,303.92346378907700
488870844116,1364.2333786433300
489036839673,512.2837554373160
489046840013,917.8471699736640
490021845050,704.5789303807
490402843258,994.8602996512140
490550836477,187.29307114707500
490594837540,1440.4322954441700
490622839852,1087.779736007470
490692838767,285.284383963038
491122835596,829.68936074066
491163798573,307.39749130117600
491477857221,444.99007364042100
491535832054,212.40969183539600
492025835124,334.49078051203800
492157865909,265.74233325942500
492325848741,250.1376167246770
493121867034,231.93074530411400
493267866420,335.5800398840740
494260841247,147.88131250116700
494303867546,249.17913915023600
494559831639,393.8944455644550
494655831927,508.7902434178290
494662868058,212.331919693387
494987839720,301.8644754425630
495130851316,648.2411814428610
495363851581,408.4275752986890
495410851059,711.1683788451530
495685852758,339.50556485944700
495689836239,197.96975635579100
495888836403,533.9916772864690
496795871774,314.4597902961760
497138845860,352.5822702165110
499081837203,346.3068877551050
499368857861,417.9249889548710
500202847456,365.10287707985700
500419870904,315.15445421720300
500664852250,223.15613037493600
500822836634,278.8783700167630
501139833635,291.38631725735800
501168848622,523.7646753190630
501568859872,371.9443166589430
502088862310,250.5495590232930
503070860580,278.2936206686660
503154842425,379.30318060172900
503945872621,347.5971347393530
504860862692,152.44451256636900
504988861917,317.410401217623
504989861433,262.89825649524700
505189862169,284.4087672853770
506050860305,254.99402745906200
506749862057,283.12160822903100
506955849472,382.7970472365880
507331863675,371.7335751149440
507412859446,416.13349132626900
507500845586,562.7387571216080
509293853909,185.7027545625640
511216849197,270.3482570698630
999000000119,1277.581816528780
999000000131,746.2232819175630
999000000134,220.43531330573300
999000000136,781.7623889897130
999000000137,262.1141243232310
999000000139,297.0747686231400
999000000165,317.15072426334100
999000000173,510.70948261961900
999000000185,273.4207965521880
999000000192,358.56370906457800
999000000227,693.2199082021870
999000000230,267.6962881426400
999000000238,667.1650953188040
999000000240,678.8395884899170
999000000244,622.6215130176200
999000000280,158.7904402301690
999000000283,861.8982384913680
999000000284,509.28130070923600
999000000285,778.7762758648960
999000000287,986.9532057770480
999000000296,340.7984944638220
999000000307,480.4929260252900
999000000309,1081.4669769976000
999000000312,478.15995033918200
999000000320,511.18598438587300
999000000322,553.6411265588510
999000000332,385.8478030536860
999000000360,449.8795113507180
999000000387,344.13360589636500
999000000396,452.655856437231
999000000402,394.4295971749010
999000000407,360.09021764583400
999000000409,354.0013628314390
999000000410,318.8402177215100
999000000426,347.76331217813500
999000000494,1103.3536942680900
999000000495,1050.8210658989400
999000000496,1086.6544663009400
999000000497,883.0561773339890