BUILDING.ID,pred_energy_cost_saving_ACOPT
370244899060,14556.902629965109
378702892165,39246.94764677308
379072892713,78526.36028526246
379328891539,70655.46412915424
381005916882,24286.45312759025
381639900770,17617.281587279027
381980890380,39902.547330422814
382479888785,6602.559284029846
383377902547,20084.66373472026
383508891239,10144.400896417808
389347907548,4333.95020022277
392323906596,21211.631881353576
394040910048,74236.8944855053
395154885837,10715.39906724742
403510882745,15778.567274756386
416331879648,8998.251183883283
419580823238,23877.415250371676
420463899029,4910.071117912232
420742839524,24712.181402170583
420991900560,7120.471373264465
427427868956,9472.589336112964
430216836027,4397.878173781947
430831838865,4969.53126543751
431756832236,10084.259423087415
432026832144,8173.386709727137
432940813909,50781.41731828921
436274875405,18236.605775052703
437292895970,38309.16656374772
438112897550,4834.127328247677
441384807466,7622.6769626826635
444128896966,32176.03746670258
444996805746,5343.955783775341
445467889073,26970.830271159884
445669895262,38767.291436591215
446679807826,16398.86117949874
447757849048,8661.204595050885
447978849777,30232.78728414258
449399891254,41772.73270695175
453801830600,5565.965534712683
456558845309,6287.302954313097
457359858295,7145.064559110173
457906859706,53770.88659442893
462016818420,9234.975747484323
463310858794,17785.17720489083
466703917206,16071.726826349533
467409736593,16172.361892160963
467890843439,12299.177498609675
467913749199,6566.394534415252
468187843022,6201.707524735739
469318858071,10749.971138023493
470261841733,8751.80260201899
472938826717,16524.988864693554
473600855935,22783.003928818664
475660789684,12968.882875575015
478019842830,3206.3267950255745
478669911672,6692.34794086849
481352834057,23985.875019112078
483517835306,9982.645597930748
484712839477,28129.298619463414
484827838704,12235.178659271975
484909831704,31686.26970047242
485012837905,3407.386076374536
485167839050,22600.024068835042
485840833736,5787.615511298546
486962839399,3217.0120965634114
489357839995,6807.014660974945
490498863361,9620.90282369567
492934866245,12130.8213517779
493537867216,12451.192637973385
494218850770,48543.28854656647
506565864343,8565.33218492476
999000000128,13816.441463280717
999000000286,55219.93251949092
999000000291,40208.4025560042
999000000327,34578.70594546017
999000000378,38479.02997142356
999000000444,73965.13631155455
379592888001,251275.99157298918
380388902613,37249.61103845467
381320910314,21324.253794246702
381330910169,22628.80676813871
381339909702,26075.90897079189
381840910625,21591.55628840246
382166909827,14830.164434942886
382270908470,45572.791326843006
382281907913,20482.435000359517
382683907950,14479.049975811018
382822907508,14825.310403072697
383603911046,27052.683140805904
384512909578,14469.555233317635
386607907896,8346.863970431967
405711881767,23927.279801582335
412548894732,7989.351823531746
420442879452,564751.4432145872
425370889227,13945.96041300499
425548839070,30814.65525443224
426607843742,326278.4054463271
426738838446,25889.77942674117
427094835618,309769.774473663
428158835557,10460.2352865284
429751923699,23539.00224756763
435172844277,288359.976989881
435226843421,414126.93460182037
435482845065,332480.87518407375
435518844653,328760.5461410748
435955844002,418690.51530235854
436323844287,607245.4384296406
436341842530,450661.51612621255
442593910721,11565.835641467302
442871910523,10303.215002287752
447446829420,22515.29845288686
447533873733,12172.27385106046
447737802508,38780.18564086162
450696884785,19720.282843846206
452171872920,415266.6963083406
454615845120,274449.615640976
455197870572,24496.11671482701
460902830465,24595.23542886016
469241756568,15548.97991447075
472597746219,5143.056692563191
474401845417,9374.367163767973
478641843437,33561.403859183425
478907841613,17959.300806813597
481217850636,19649.425591158324
481985840971,312327.2644228227
482022839527,382170.36564659973
482117741297,9644.41511320997
482355839896,248687.96190454028
482388842442,10621.640627955101
482490840118,556961.2616721633
482677840429,506378.59347715456
482791836625,279330.02816855634
483130840965,566291.6142746952
483672841146,1925860.6115727602
483765841835,398706.3608103458
483789840364,673740.6192633946
484289840584,339799.4713009461
484411841271,547431.9462275457
484837841207,395200.69778061594
484947840722,789020.2807765848
484957841994,874964.8361214276
485091841660,1445410.265746538
485867866238,11221.347375903788
486086843605,462671.7527323541
487566840364,0.0
488403841800,420354.8929823691
490080842381,275046.583241333
493190847369,12560.382996318405
508239854278,14090.09603701872
617,842.9518505216281
3626,1848.6572461979113
5817,690.8651121000041
6228,1737.8315029271366
6522,1807.7259803646016
6534,751.1740791290786
7903,644.872951100065
10353,795.3625132943523
10713,1044.4451228730097
11526,1715.5679372113277
12831,1037.751143278947
12985,774.3949059163805
15794,939.6178274034272
20589,584.0390007045488
21780,844.6969771168662
112217100365,606.6107711578461
112217100367,659.2868096801944
112217100381,545.8003482592452
112217100445,566.9260370738413
112217100465,613.4310256210007
112217100466,922.1490413361528
112217100468,662.6686701182407
112217100489,623.9977636369696
112217100492,774.3767480756188
112217100498,974.853120780841
112217100503,722.7210735692898
112217100519,765.1275622671161
112217100523,885.0660271749607
112217100524,963.507602011089
112217100614,1886.27689270872
112217100622,865.9146685057682
112217100625,1592.0148267520392
112217100628,917.1108393589482
112217100629,1497.0052769860806
112217100636,1009.3003600976477
112217100639,1734.179888102833
112217100666,1504.0408821338028
112217100668,1035.0811397823145
112217100678,1579.2958671752208
112217100680,1879.7621096811622
366050904621,451.1356196130597
370640881622,889.8114558394274
371094881812,1362.1672845512992
373224893625,398.86998955132947
376346890898,755.2594324438805
377158890270,727.6607265215324
377628890108,738.3310273465634
377659890046,670.8167734767756
377659890356,731.7147977693572
377844893247,470.5028139497314
378043893046,606.2968759124153
378329885872,932.4926357347913
378545899428,971.9903044339832
378594902311,513.5455855189464
378625900138,588.2418057482553
378702902344,423.54280022481464
378732898794,310.9510171956107
378898903149,615.9250937574211
378980902803,599.5920022024965
378994894882,567.395362196078
379005902304,459.21649358270145
379059902300,490.59683370131285
379109895156,499.45084740876837
379162902738,622.7748010116616
379184902168,386.81362368866365
379274902737,605.0964098303862
379389902171,369.8423681546393
379468902294,579.4172175323714
379573893820,1183.7312568087975
379593914399,974.999962445519
379848887189,870.6309832155538
379854902736,551.3540284468787
379943889810,1387.0832386764312
380240903104,971.4218133291962
380398904787,945.6493127804499
380629905001,1041.1386616571588
380731886095,1515.6778025197082
380858886543,465.59291013689614
381270905897,625.0379502359543
381365917425,620.8578140623775
381424892852,1734.7270513780265
381473896894,501.0826837154917
381571916049,437.4339857050193
381775898805,620.206847337872
381874892447,1825.286161005079
381908898782,536.959252798069
381932916205,673.6993742865996
382038898986,639.3195662048677
382233889755,1267.2393887428914
382289896531,513.5568392638002
382386906689,219.5953721387536
382637907242,1077.1718091113357
382681906783,1232.0997706655248
382723893104,1579.6733166523777
382743906275,1255.3731682769485
382815905818,198.15351670152515
382845914013,530.4664689435041
382898893584,863.6534634510588
382934897106,603.4101845891105
382940906762,411.686320937212
382959906334,894.3416382871761
383134893028,625.2613473007494
383173903243,596.9672585546873
383174893301,528.2857420408749
383226890204,1773.4101949428627
383251905340,643.3474737181432
383278916169,649.0353148920224
383290896418,238.06618012689438
383291888609,477.82129922776767
383293889059,477.82129922776767
383317906741,672.2466615589748
383328892827,1339.243554290093
383409888313,1554.6472683199056
383418906619,509.8461711866601
383475888737,477.82129922776767
383476888542,477.82129922776767
383476888676,477.82129922776767
383476888921,477.82129922776767
383478889116,465.4649715752792
383488888348,1400.354867659586
383518913964,641.958348968119
383531893153,402.9721341822232
383575914162,546.1959742849002
383613914422,552.5601951101594
383624915256,374.6403360088961
383635914938,749.3614470152668
383645893806,563.8507084710498
383662906468,646.3716060619365
383665889056,465.4649715752792
383677905746,1038.2555428211522
383697906080,1047.5122455489673
383815896479,534.1431573058868
383819896687,527.5221173744465
383820896574,635.431305131711
383849906387,1543.1090492215349
383964906237,511.8936326990657
384148896441,486.0185335727453
384149896540,535.5180288803164
384228896722,500.1612465177656
384272896240,605.487539202821
384487896707,596.0485011150395
384994893502,590.9012823066947
385203893489,590.3834276009181
385212896262,422.03076512514457
386345883904,762.2934467133088
386575883961,1208.4461310565862
386591898567,1271.1864405011593
386618883811,1386.5635399297807
386714898882,478.4825085577053
386767898063,537.5176919082633
387013896321,716.1831031483457
387072898899,425.54617431285385
387386896298,552.8580597426221
387498898982,525.9829475766993
387544896367,973.1840738749344
387768896295,458.7887526190725
387827902827,376.46823512954944
387969896266,576.900752654665
388116896270,944.2881439296876
388245895753,616.2369232803784
388330896803,389.964714968601
388390902513,778.3264968377304
388666899207,730.8253991531325
389243898916,243.31456972263467
389467884701,678.8062567261929
389503884266,433.31828127541235
389635902693,282.8726120493123
389944902851,559.5839773125916
390311902842,584.5759140068097
391869896539,779.3706453021845
392185910796,1907.5841111597533
392795896526,590.034703712492
393224906041,585.555675858634
393288907341,678.6061464525058
393856898509,593.2226781438712
394741908728,355.3145807839951
394973908625,494.3134630490822
395110896141,692.7525039800921
395346837868,803.7954086247662
395399896202,552.8650296810509
395704895544,1204.8137738668743
395978908712,393.3337576391625
396735895882,560.5908379597558
396798905808,197.60205365377112
397132892399,1207.6227417033372
398444886458,605.2396127759328
398471885679,350.1546386218889
398504886181,211.18657728891299
398712886270,377.4238678668766
398795887708,1532.454576564397
398839886227,164.59916232519873
398948898861,764.7638404773451
398992911908,774.0079906883942
399051911334,370.80853136695237
399085909786,797.967207954477
399087896452,591.9215507591014
399153886268,518.5742987617887
399203910375,304.15354452356706
399207912060,491.2220218096328
399216910632,591.3805573959464
399268899495,265.2765092570407
399332887733,691.82218123155
399340886990,1062.2637711357395
399371886150,811.0340490229821
399397889583,650.4358137016395
399400891311,596.863060928703
399411901204,879.983118379739
399441890050,721.138750143945
399441911856,774.4015151680887
399649887700,669.4343514869526
399655887107,943.928701382257
399680901132,789.3212787673071
399687886326,244.62662992542857
399701899576,919.4606864173039
399735900940,663.0568898157927
399746901791,882.0241316715549
399759899025,218.1450170010739
399767913480,1390.6141696022503
399778912746,509.19047392810694
399938887042,1000.3225398790909
399946906676,664.1492615494604
399989897561,573.3811490771126
400046910437,469.18116413136937
400062909942,674.7723972891924
400141910411,281.95845565831905
400186910666,823.0795058369292
400195909633,427.56862986156614
400213886331,675.0830345609521
400237911660,598.758731118096
400366886694,530.3407130660054
400633893574,1537.5642601275165
400961886303,609.5067615455624
401184886378,210.4496191741797
401333887884,667.5839203518897
401514840550,304.5531997525173
401573885390,534.4697450734485
402252917842,878.2331443671583
402257918661,712.8432135771311
402306884699,685.4831493617629
402392916826,562.4398181661111
402555885228,1254.6574938283472
402691895849,847.5373558619223
402731916972,1374.1492632894551
402847884286,777.5607050711113
402850883520,704.1513808964737
402885884809,1345.1475232897756
403049895823,668.8219028939443
403109916945,765.110257706445
403199883178,836.679124576037
403267883561,860.2917969009104
403269883441,549.0043902632437
403273883722,607.839347327839
403274884028,807.7248758227055
403283916845,720.9029974981518
403609884896,534.9841447293451
403613913834,435.4145496200493
403740895674,1485.5084433604718
403753912665,899.0805226515514
403772913397,1184.205507330656
403898883039,351.58351900091975
403899912161,1040.5203354985981
403904914860,795.374426916005
403918885283,674.2362714214131
403977914508,549.289605169962
403998913694,538.3572530173211
404032895611,794.7181599520517
404178883880,405.58703494648046
404414885313,616.5677896608614
404660884630,474.7270512883062
404694882609,958.4789510704954
405076882361,842.6102727931216
406262885408,292.7307241447631
406488895797,441.432150606767
406494893410,354.2268167226059
406759885305,731.2379060438886
406994885305,482.7844585440778
407346893402,835.9309747939792
408428903392,1515.9880610834693
409207885246,555.8043592216981
409622904665,774.3102464063119
409646904982,938.0037210327215
409818905464,518.4611940873335
409865883925,1278.6496289502502
410033898757,268.75882384656535
410061918297,649.0399374423068
410167905407,884.3464007730871
410249916907,521.5682729717316
410423918765,616.692773869173
410701919036,502.2890469393032
410815919034,215.8962498952267
410885918448,1450.746120746168
410968918971,919.7569992513578
411125905466,1002.5885770302957
411319896095,492.4953829845139
411629916309,391.47344531160456
411989890809,862.6612631180817
412387921628,633.6977798836106
412481921416,345.2719818769128
412616893126,485.34219690116026
412841892459,685.0919856157204
412859892300,586.7621239426306
412912892777,522.2967714652141
412927892877,474.91868309939593
413088939138,1765.5840315503572
413569879736,1493.6520749031538
414899895553,335.93473712673887
414972893466,181.5710258513912
415184879552,1201.2658445681109
415259892124,469.99364006435513
415268895308,279.0515430343002
415274894894,658.181968002797
415553879956,435.9198471826624
415829821101,607.4119052420491
416202879924,496.3523323427156
416286895731,1024.499057680709
416466890846,602.5441446281037
417447839836,402.6709535368107
417535893220,546.5908736766755
417545895824,684.2749037073861
417569898723,191.14897984025023
417620893202,633.9361525131936
417753879625,492.10423404909227
417836903641,792.9144988971996
417899895169,671.6933619561325
417901891827,560.1076361382325
417946821370,459.9059617849696
417962894177,341.92977970079727
417978894506,347.5732135885479
418157898450,480.7418088516368
418213840624,604.8952264333527
418332840576,506.09319575258615
418358879453,452.5179292783094
418596916009,510.4385589987408
418627845966,575.8260329944825
418719846243,873.798743925124
418772817957,687.1654099607482
418772879441,891.3825335799816
418957907930,474.5907738011496
418964841435,503.05916827558724
419043905998,513.7348103425848
419071908316,422.64272298421105
419133838617,585.5853792237947
419146906332,657.6539457655376
419171906097,579.3083587605689
419172907503,695.0040010568906
419178904335,649.7023120084438
419190846190,687.6485981161203
419223908632,575.3294327635908
419250837603,762.1153308517034
419276908315,635.7157089564162
419370907251,316.4669693221747
419390906146,561.109909163234
419396904071,729.4473471953246
419416906428,604.9113271892726
419427908664,548.9664585311153
419456907708,479.852881244385
419505908588,567.5928971653236
419568905939,496.8851809465072
419588844344,288.8674972588379
419601844009,1282.8965705823823
419605906904,567.3772969236908
419661844664,505.31274189460834
419706906043,639.0660082608657
419708851480,509.2942594935312
419709906644,536.459302554397
419714902309,276.22383214757485
419753904000,826.1689726484713
419763903887,776.9939273038876
419820815813,567.7379623897692
419835893421,544.2506487905308
419848893202,593.9185697983704
419855908751,778.1027729499691
419958839869,473.43593388303157
419964883517,1139.2399476103737
419985883142,584.4087903005329
420010882869,979.9251910027549
420025837077,485.5070585567349
420055844284,1264.0058247961304
420084902076,446.5644336980991
420140909364,1421.691330200309
420149837843,452.47300710186954
420200837898,418.8153790281853
420272876980,648.8999046583808
420296902155,581.8931806557293
420308843303,487.97928696839676
420317837141,618.5444688943189
420321877170,527.2322310544838
420333839494,644.5559243606245
420340877544,930.4698983936458
420342884206,704.4341216488408
420352895186,550.5345700642349
420444877112,575.8644792450574
420454895125,557.4220994893568
420486897586,837.9234318570406
420516903781,357.76098202687933
420540879743,1612.4897183279015
420592893796,586.6601073831021
420606915239,640.0713608924117
420624841495,388.6076648623952
420632896767,585.6592859683984
420641901507,684.9597196933669
420655901403,505.0819060642677
420718840926,411.1978245368229
420719882301,629.9336170300253
420729881816,679.769616380522
420732840079,415.2952390825089
420760837872,292.11596340461847
420779904845,428.66236898949006
420796894370,1150.909130171031
420801902153,599.9999935224408
420826884325,604.8117366352908
420827894871,566.7083243100989
420853904909,626.7045341779515
420867835941,326.9542775577751
420884842921,499.3843269174029
420886894092,755.5603176188733
420892839078,436.76688478730915
420901905080,446.4178401449483
420918843288,714.7842643730493
420965814701,404.51908263238533
420967848821,786.0164664152782
421029904356,581.5409629459435
421034905304,622.371858586772
421049908561,598.3108901543344
421062905164,487.25219317277634
421083890853,392.6570333277827
421091843143,313.12966278828276
421156895767,516.6979925015751
421186878286,352.3983022924375
421236896091,713.9176823359952
421291865990,282.502614954443
421311841162,399.1662717363573
421334895712,695.3585320052582
421354906723,579.8399782453109
421449932901,615.5363814135644
421454908568,680.1462315181448
421464841625,511.4861873621086
421549895830,895.3061789403114
421557906591,519.7888260688572
421592932726,472.85558237201195
421594841414,402.3161537513703
421636841788,673.0251162104817
421649841284,647.7888686337841
421677836785,372.1662319766929
421685813818,502.2226031218052
421739907202,592.3490823088682
421758882779,1017.6163188177127
421761905567,643.692019575499
421785890494,485.8245526433931
421790907459,385.15833766432036
421815877872,230.35409694512353
421845838878,364.65636642014107
421875841141,397.4633592170625
421883878655,714.6088756694809
421887896067,544.1333590687589
421903837008,343.1403159483778
421914822687,1370.9455716114473
421924841217,468.76724980557685
422107839876,410.19136407318575
422173893124,407.9005410837342
422279836692,213.32115002245922
422316836931,905.7899654243387
422364893185,510.57433713517804
422488905927,820.7520500689882
422503905532,363.9709768373152
422596840410,433.4833017958042
422605885455,421.8686398200331
422686893119,674.4153158918652
422692896237,834.7965372466981
422718889340,649.6489122351717
422718895762,943.7780356389482
422753893342,543.5359211936627
422792898684,893.7531109315308
422941878481,345.268450447551
422942839624,281.4293606311257
423029903465,285.2614756874788
423096889619,492.8052898705881
423152884098,220.53143730382442
423153884656,493.9177512824733
423160878446,533.5588940665083
423184882752,618.8763054657575
423194885000,536.9341018768192
423198884256,460.01991806826686
423199894188,468.4794390389895
423203905648,855.9922480222384
423215894553,475.51637519198863
423230903102,521.4054829221702
423368839294,217.05659274091894
423376879571,579.3568847959664
423440880007,537.8448176162598
423484879098,688.9489856828992
423550878881,589.9782442069715
423554838919,254.4588492165637
423642903370,722.7309292714073
423701905891,472.28249814833873
423760891092,320.26142802465836
423786879892,509.94273081303606
423795878846,350.95299124292745
423807904325,562.822263508587
423833882798,186.98674112552334
423862878695,406.24720241526126
423867904001,639.0388688075733
423868903721,606.9751296755188
423870905005,608.5183214151688
423891905412,610.1293144372341
423898901171,347.27254389019777
423899905358,584.3945093115127
423933905161,576.3455562799433
423935905218,160.408198677353
423937906143,578.4734556270482
423940904199,553.1736722609862
423945896111,1104.6726837695246
423965903213,643.157953823884
423975904780,414.6741922974308
423975904897,294.46113226475796
423989838088,413.69595985818864
424022878939,877.0805121060519
424048847354,866.5374300022103
424054848227,519.1845539889903
424075840416,553.3559141737561
424097904183,481.7576136781148
424099903397,571.6285594181276
424099904674,560.316509517672
424100904045,683.1592564696534
424104904784,585.0375481462909
424106878805,529.6989316079543
424112904979,555.8342643599206
424125846899,466.97679118177854
424132907127,457.1077427790181
424148847924,550.137577383073
424154905471,257.72787599818895
424165902825,745.85005046714
424184879685,1065.5199789372514
424186879165,619.2413444129953
424236847386,814.885707396447
424339848081,822.9375235379366
424340879242,416.9362776980047
424341879777,543.4342255772369
424355878790,508.04256562285747
424375906832,401.10877942173033
424384902879,655.5057903724992
424397903876,385.9261020527462
424407846557,432.1983535498831
424426908211,379.31729517815023
424430906593,562.8535409776656
424432907568,537.4150177701708
424465906993,190.73704679443995
424477833057,848.7050990238346
424485848043,667.2012408048504
424487904204,563.5235422759267
424502903490,410.6023116074743
424505885194,484.96744974447995
424576900927,469.0347089825589
424593847183,990.832355254203
424619904175,484.14415420097004
424663903143,273.9054219774343
424663904268,379.3134621090553
424714904601,479.2285777724433
424737905905,648.9741923335606
424750908283,689.5902137170435
424779885230,397.73774285667366
424891898802,579.6126877796764
424940838000,600.0271656798944
424961809183,935.475658242204
424979904208,543.3141961506898
424980904318,561.6997229792162
425014904430,592.0420867399971
425015908711,492.56050656025667
425075904846,1331.4812234929038
425077906171,464.0268010948566
425098890010,456.53698370422745
425207847897,484.92374860787174
425243907130,504.11568875497926
425258914039,784.9957607093714
425291846894,807.9598806056204
425305907420,325.2175155990244
425309882602,530.2970167134202
425315838085,253.25722111687745
425320910418,472.95398807379877
425321847033,465.2089212044238
425324846552,379.6098360236223
425341909908,1036.1382729699626
425379907695,1333.140518449952
425408846651,205.70251104540037
425409893657,283.8128388280307
425410885410,241.14320071438235
425419910693,295.73380455376406
425455909103,959.8592721724071
425456898677,434.7254540917829
425480884585,1666.074158601361
425480909381,529.6883971464271
425481900775,1029.9411015063338
425502883927,539.5985174862892
425573898656,527.1899060731055
425643882570,372.51962896167265
425726877337,247.6370074901037
425750907714,1155.802664667291
425759940527,1311.8696561494605
425771846082,669.9881042616385
425847837619,473.3184258604451
425867846919,306.8554047796558
425891838765,330.97301190711613
425891911907,768.5801819901693
425953877116,345.69338097921616
425991838371,332.8168426186138
426077909154,406.3198093566923
426196821761,438.24608747136926
426288881190,496.26649560870396
426349879207,544.1549949102686
426394882541,563.6908092994443
426422895136,616.6473817470361
426449843312,574.0470662754557
426477892004,921.7071069467928
426493839104,667.9372836294649
426494881594,498.236353077915
426500879250,480.3202183653766
426546882417,481.527616902719
426572910020,1354.2541379931754
426717881523,687.1297707161661
426734880850,712.3781166474516
426789842900,556.4515484983236
426801881093,513.7068338226627
426844894709,603.1046398968821
426867895980,862.7360506872792
426908817542,1783.9529956749695
426919881420,288.7242682489462
426934833901,497.661016313914
427023885231,2115.389958575551
427030841893,541.494600387953
427042881178,705.4109198891676
427049843014,541.5754030592138
427062838050,509.41786760000696
427079894278,257.63347420641855
427091897096,607.9417729391266
427180819079,1008.524611975991
427187838123,748.0687714990316
427189841986,1108.750385862798
427216845104,1961.04919301008
427277843390,249.79457914037894
427304843098,640.3170731953377
427310842857,478.82194082498364
427388876700,525.7042737609357
427518839811,679.5437531666549
427613832811,343.0734907661905
427619885192,546.227646930366
427638842210,547.1270642583654
427638844868,781.3726856531422
427669817533,1606.845730472838
427699837447,399.5328462935675
427727844775,898.2845384971067
427732822766,341.0452325920393
427739842576,699.7218449371086
427754842294,608.9935747433235
427766819555,1343.6676264472837
427802832238,178.06461783455836
427817876548,542.7790231180345
427826840741,306.67870526802307
427862839606,323.6323703997968
427928890514,409.22485190427494
427957806470,980.606402705582
427978844472,1702.0385251632606
428005845114,592.7640055550793
428017845306,547.9935277119375
428073890506,579.9983465511425
428115806187,892.9215824464559
428215819099,1277.7048624902845
428297846128,800.7761473655248
428305818336,1359.502076532757
428415844138,581.3107574398235
428455896654,525.0336854906096
428511895681,564.309166813612
428645834929,430.11822929974744
428688882432,367.1323305709221
428693878790,467.5779654372148
428703881247,532.2209523798081
428751936958,1314.0385631814745
428768935857,546.2513322540676
428776840097,366.22272078230645
428798844388,1734.7034657765907
428842838190,276.4142282798236
428988935463,641.335313469902
429086893371,433.9427781458489
429121837780,400.02977787833777
429154815473,1808.9143806480913
429165937144,443.05739754133833
429372877474,302.1815414108875
429414818655,605.602464972749
429421877896,529.9412918366753
429426844878,1117.553930414044
429438936487,337.3356818429164
429441807163,360.0172606563974
429460936211,775.7535318022568
429646885466,390.3860319655691
429794877233,381.9474474201726
429814935840,659.5545263094175
429869888178,589.8637483319386
430002885228,482.8583440427539
430046836601,449.0592356958285
430060877161,468.17701625596413
430284840776,401.5736339704402
430403822095,519.4134556104705
430453934152,1009.90475104252
430454843344,469.58148637116955
430486877047,275.9724523456318
430565896052,537.2071495933037
430694877293,480.0405077322847
430810832910,748.831497007694
430894888242,373.3308408166754
431057882408,748.6913260819728
431075881754,467.4172083849591
431099892038,589.6328840453833
431138807802,1441.4188945263338
431144888805,518.7670375503305
431161892581,601.2548500810993
431188831670,865.1813015724405
431297877644,245.5403197980049
431327878385,1685.20584707065
431333881841,490.61575318308905
431361833244,1132.7612727252197
431364878161,591.5579631077678
431369882520,346.1933535955171
431389894464,324.6208840593775
431391831285,865.1813015724405
431399891245,399.61237872849705
431460882308,531.4628931752835
431545901553,178.84674464365966
431579900174,1135.7815168785176
431616831000,852.4528599219221
431764876644,477.3231400599809
431840812455,1674.151004657778
431908842284,209.5522485696657
431921877472,330.2692366258058
431958895769,455.75719711236235
431964900571,519.406636349599
431976846851,1894.171645059967
431977825251,843.3738685292585
431982899274,275.4818124412904
432090842023,338.2017000173692
432344845561,425.9716573261899
432397845375,507.37026752763296
432471933576,238.16283550351878
432504808098,574.6719803240917
432610843398,430.99165176072773
432634847225,872.8511498835855
432686890497,505.19277155455904
432955893131,243.37948036763277
433038844123,343.77788306580334
433167829349,1263.0256037935865
433272828499,575.1857396844225
433372828774,572.7590644208949
433389828284,202.09839768893627
433406898774,226.93513419432762
433416817656,1292.4847940120223
433462830592,673.1011762041176
433470830245,829.0658099669253
433590843691,955.1315517147951
433644830167,577.5129520405858
433648818518,748.399340923932
433663876545,479.26666342986357
433727877656,660.57002795548
433791830879,349.8925628716621
433796895527,627.3427767230279
433823836698,718.5255721740048
433907818920,559.9029802501979
433934878492,654.8954944546126
433951888750,596.8864165202655
434174913458,654.6640500262132
434199912814,383.98788996057596
434260895269,700.4736585235753
434304840646,543.0500225063448
434433880130,263.0377983332763
434446830172,237.30015283389102
434466840551,557.8998710986161
434485876092,435.3368107523519
434507821014,501.61761084131103
434548876160,349.2395463721299
434586840790,437.45785114635066
434635840311,591.6301176460381
434776877235,241.75851814605997
434777880088,368.032542451052
434818828333,1731.5914633758562
434882828030,1134.7631068793014
434961876071,590.0696926120963
435032876203,441.6633305378818
435092821271,491.61898628115574
435145813926,1293.2825078331218
435187876009,229.39775955464853
435244831835,741.8920697239859
435248813652,917.4128868410711
435291820991,862.0949320650942
435377831924,417.0587434799108
435381831652,258.37448741011
435466831704,248.47458834859577
435507814118,1292.3038318451877
435563815258,1700.4129689419944
435702888055,483.4439819077566
435707813885,1022.6283972758065
435763833346,1804.329810802407
435913921242,895.4504764712069
435964833397,380.13293738203424
435994910894,690.6243445505894
436027832362,866.6701019443536
436055820697,445.81899720514804
436077833259,805.7675750013643
436093841101,337.0062944888264
436133832121,618.2005486427979
436227833558,571.6424555936168
436248831065,202.36555152961597
436262877251,233.55857985744893
436317832394,707.7412495391641
436324833365,847.1839433526978
436329829671,382.55428553760635
436370881455,457.23018984171415
436385881653,301.626800367375
436391893650,577.5739856775735
436393878973,525.5253862548043
436427889016,583.5868587630273
436456889317,650.7641155628671
436460833287,596.302160173216
436553833017,504.74185920236596
436585881245,396.071812930852
436594880853,521.9527270328712
436600881705,427.7897727501996
436611876159,529.9234322698754
436615881558,315.3790398156776
436635881473,352.7791831580634
436736877249,468.5371056983955
436759833617,347.3866150133675
436815821637,483.3570976706078
436872831442,437.1400808192024
436883829693,363.9219837721223
436906910605,691.9427522763417
437003880103,569.4445082499576
437007815588,758.9534691016989
437098923293,588.4970363690776
437155829913,335.0921925283135
437220830119,1007.8383180799966
437312880112,590.7632380872761
437379832124,587.1010652235179
437389830063,866.6909529655735
437506877433,219.5218804664004
437528829673,318.0303465093016
437614880116,717.1917998275699
437779832953,471.9978253408965
437783830194,1313.977287728079
437880877496,363.52392620244984
438178923402,278.3978651899785
438271885130,409.2473225953358
438339830166,506.5971026826807
438550833040,441.1776637404494
438572833175,221.78860183112303
438724830776,541.0659211911033
438732831148,623.8344059405866
438749903165,449.16679296515235
438840832698,259.6703384706126
438876831832,545.6350620593795
438922887635,597.849694463823
438968888533,204.50782086614214
439019887458,548.0177741693497
439103841839,1892.6838228891104
439207829361,820.6182204041093
439223833719,1139.861627705167
439335829570,469.8519896142629
439402877421,652.470954464107
439524823105,630.262841272283
439721893005,1112.3999951030644
439818832822,386.5673635346539
439850831316,314.1643770804739
439858919529,570.2519349620353
439906831155,322.2595522120517
439940919467,398.3811321723444
439957830727,1000.1855156373623
439986883137,558.7367963297925
439996883034,549.0502473818375
440001884214,562.2182201798904
440230883150,667.7258889461646
440300895123,1339.6109856926419
440340884686,290.5911013916699
440363833770,583.935228202369
440375884133,337.14896493925136
440436882949,753.887972146101
440437831007,1236.7206146077506
440455842733,384.36250925221896
440505917269,187.00288684534974
440509879873,434.84224842769
440531918062,826.7380263597953
440551885142,333.33421050682193
440648884069,412.3818738745744
440779877280,193.71822804080296
440948917655,928.8837985616724
441078830539,1257.8760177014578
441183877247,270.96849700381995
441205808213,366.3589737686845
441281894457,476.41007275626794
441405832612,397.9135319749844
441502877684,358.1353609090552
441524832707,474.21628519832274
441541884154,1289.226802922949
441592876267,805.0018332856351
441593894246,898.8331833557035
441627899238,503.7547390762365
441630898770,220.96085726419585
441759833953,263.23511015445115
441795881232,663.0692330407932
441796833510,482.7640047044211
441826885917,633.1177439450832
441870887265,537.4554831911486
441879886485,542.4018791475784
441913833737,439.3412660524075
441916897774,520.5805691034833
441919899013,626.7530077672496
442001841963,615.0526014989578
442094879424,647.3935719281361
442181841991,361.6386982922048
442301879765,1097.4744275433632
442364884754,1182.5887356549115
442460874281,674.7401795039472
442470874133,544.6909943663578
442493908355,639.337831019179
442549922843,505.27811421578207
442583883340,395.0237182656443
442625879106,514.7223085971148
442650879899,222.62879092895434
442672879459,591.3205347362166
442689908495,451.452460123661
442703884822,326.3614948545772
442754879899,222.62879092895434
442825879176,456.72486197936405
442829883756,632.449175679448
442844874392,535.3106857877083
442847876359,543.6039173521154
442856880099,424.8172185915353
442943885153,333.4079350322473
443199882750,569.1053065029203
443246879681,705.9131296431375
443266891717,694.418241056093
443313842447,384.32222313973324
443335882817,575.038800874103
443336874283,520.4797856125733
443351850121,568.134036386226
443407882841,573.5445522737402
443457879885,966.8102578743378
443494849016,635.5770601294537
443546849201,566.4423010642039
443556850110,545.0424477865391
443626890643,312.6840102139447
443718850076,403.8237469940258
443758891002,581.4847547414682
443780891238,500.82773391448984
443860891690,594.7121147936997
443892850140,396.7366266966005
443910898399,431.69584836346326
443931891692,807.70043663143
443946898635,564.6641822515688
444012891363,252.05339747784552
444035849014,714.9065552408567
444061850333,641.5124978896446
444062885699,1259.0324639616038
444085898067,557.3890210800611
444167876502,513.5925183064369
444249884184,692.5680334582752
444282877070,514.2594384392767
444303899312,1305.3720343186208
444312900333,547.3543483315008
444557897301,786.3314282642857
444595899102,409.113021370063
444642896245,1046.0031364562353
444645896936,819.2337780829395
444670889675,518.0071599310168
444710890299,673.0332387650567
444782849253,518.8745449776765
444789889958,772.6380342057056
444900849855,185.59182901128835
444925887972,835.1865776296011
445018849213,402.9899246725677
445212850050,483.1780001786489
445214849305,444.5843477886898
445462879901,436.56738856367826
445516877406,272.70009224311394
445625889547,660.8903172636044
445704848202,949.8660640454651
445734843805,419.2350033750291
445747845437,356.56061641641446
445777845359,460.1577537548236
445798813904,886.4051006373835
445829848719,628.9126065611052
445896880053,604.1690454007739
445901813613,916.1047978219262
445932845192,441.32928469068816
446019880103,280.0693498086634
446030848735,665.383823491618
446039843641,382.4014180192995
446074813539,939.6158610336499
446154848761,670.3094600756384
446189813771,1037.9077160015413
446281813445,868.7267094561081
446446885064,468.64226653258737
446648888100,973.369493089896
446717845244,344.6528495980751
446802849036,433.0624374939656
446997848665,415.82043263432564
447011843917,352.2519389692675
447140884361,1615.2092766039002
447176881851,766.2661313132535
447233848716,672.1827371291914
447309881616,533.1787845820892
447314881185,527.3896294561357
447334813705,1913.0875305449047
447481842961,468.5816099468179
447593881244,690.4307581177467
447597881840,357.7694645108815
447602812400,446.8194802064886
447644880746,418.5314995536033
447790880876,450.701691640776
447809882091,414.8340220408683
447817877421,394.96647182178657
447840813834,504.21434564336136
448057880893,362.5802643814942
448097854848,478.2808830976393
448103881663,559.4391816098839
448117884724,595.5323096346744
448118881954,631.3663773331045
448167877024,709.8267407158723
448177881228,609.9471064506089
448195882036,923.0808181613293
448246849754,523.576217635226
448247881356,1406.0453588945827
448255812720,540.5461928046047
448470875115,1139.2141743512407
448555881396,442.4342537497248
448604884573,340.8267406295793
448674900366,493.66152007277447
448746883984,1916.0453899091358
448767882793,1783.7640933046875
448889881978,530.1449411835555
448907880482,512.2472645089905
448922853422,1189.476105933669
448927877428,532.9361353212071
449027846403,247.5214816913401
449038875417,635.1429801397896
449082874608,539.024134007134
449089881994,610.5261811526848
449134873611,185.55158022113827
449149901229,471.68240054226607
449150874320,614.721360961133
449176882791,1529.3792663189417
449203883085,990.4929272403839
449232874548,1077.2422692872701
449238882183,738.8193015089882
449255901582,1533.9994140944016
449269874146,478.3036200120993
449270853259,426.2910939067002
449274877200,620.2835603688934
449305883130,914.383805572602
449309875290,690.4021445278365
449311882035,402.15208176336114
449386877244,637.7315995292084
449408882761,1356.4607119467107
449453874566,653.3516870474531
449457880988,877.202755360784
449467853289,388.45314047356584
449486877778,385.2545677348552
449530883175,1240.2005155885697
449541874013,1238.0971787470864
449563886118,495.8310193199089
449610900243,571.734994105134
449747877065,676.062351380368
449804876813,478.9802682456648
449811874475,977.4014016671708
449940874392,1012.8775400290046
449986874615,948.9800411856069
449993873272,445.3914923775462
450045874298,1151.748935730988
450132873192,227.32562233400796
450181892814,389.08885618996123
450188840458,353.6805692190211
450202880892,338.9790210828072
450263892717,588.0360826528174
450264874603,666.2349477265215
450321874022,1001.6019378023316
450325874216,1454.3764497411917
450393873782,524.6549526448566
450480906566,621.6995698658063
450497872972,328.7645803694234
450507892902,629.6163013267102
450545876613,748.6884114300146
450617883670,199.05235452529647
450663873902,595.7805480608348
450679882542,654.557683731656
450742872934,468.9130296112545
450754883405,393.530983566069
450788881508,430.0930350871525
450881876587,421.2321002244594
451110859016,517.9212632317875
451202882545,484.58870113061556
451215909908,1138.3453927874782
451309858702,427.66886630892844
451356882155,465.3641969811175
451375854937,479.9219980236801
451526858053,1676.388388284096
451565858833,526.4668954226896
451588877392,557.4361427889337
451671883820,819.4295065151798
451787904833,735.9613264270967
451884877215,447.8703483043793
451920858628,489.88811075564377
451951851374,249.94230485861033
452133875621,529.6894194313923
452283874359,1077.9497450426115
452390879233,360.75204255260104
452405878940,571.2741820242546
452415847568,760.6966129985583
452489888808,590.8477598318998
452496846569,897.886386450514
452601846464,1029.3740318251557
452701847200,874.5564667179144
452711888796,556.0877630102369
452782847051,1024.0651587465845
452843843045,959.0227169120634
453065859652,276.0343467082695
453084846668,891.8075726148045
453084847584,859.840371816521
453333848036,1338.7026150981267
453430847503,868.532918130559
453563846884,774.2292016779115
453563847369,795.443271095442
453606850038,2103.214995586743
453634846267,797.2930972185565
453648848094,1621.218925596082
453716847985,910.4554983990042
453792847126,1718.3943456708803
453796831022,519.1711171013884
453806831521,534.5081157059483
453819831142,352.05472587745805
453862831384,525.4323711266404
454015859491,662.6409886904086
454095847427,1593.2313361074503
454278847712,660.3554718499324
454350843385,499.1079079949626
454385845934,1447.656156411766
454392847126,1581.917165751434
454468847789,856.9337942075886
454549846267,916.2903673512997
454573859694,467.51790781344346
454606857436,325.8467206252677
454621846884,902.1958632097801
454621847368,779.1542605881033
454646857059,605.6952996954078
454656857214,447.1559565532305
454663827524,566.7087074189088
454751847575,1564.9459102174096
454752846678,1569.8958597481667
454770827569,560.8789638198022
454776846086,894.0023620937008
454802828120,479.428424018731
454956828167,615.0623032005361
454993845999,1109.526200846454
455012828298,736.683864023036
455015830073,1497.0220013410783
455025846874,1566.3601815119116
455025847377,1574.1386736316726
455027840926,253.67317806007276
455073828614,760.0657908565444
455111857443,512.1168313993859
455115880054,359.7650963938654
455118845636,1292.6931140364904
455130828281,449.1158122389653
455243845033,1792.467626962885
455277847126,1444.0257145374858
455299846678,1569.1887241009156
455299847573,1569.8958597481667
455308845816,527.2329618978781
455424845954,415.1520205272617
455444857596,819.4392733679352
455452846528,927.4098669991998
455473846852,1446.1471214792386
455475847401,1690.8160554280905
455519859848,709.6609264334953
455547847758,1084.1753352844996
455558858622,514.9924091604961
455604857791,429.8765747179857
455620858720,628.0691485065114
455628857542,490.47243592674687
455651847843,1055.2394658385651
455683828695,488.87455592065027
455688857945,811.8564702529851
455709846652,1719.101481318131
455812858695,756.3540079954934
455831847686,1234.7758273997279
455863846956,1476.5539543110324
455866847295,1583.331437045936
455891846550,1202.3797820112234
455903859248,813.5534329615633
455912847626,1396.1023370090259
455926857099,224.77425118733052
455964858587,669.6020936773757
456068846454,1700.0795796044538
456068860569,529.7584796618665
456072857539,748.9380226153439
456088859827,1655.579429240333
456090845939,486.06945365755604
456091846067,414.8159563842639
456107846341,2193.207666716476
456117859048,953.5953409109189
456123847690,1369.9871617001431
456128857683,468.38238373133186
456134857721,471.80487274289834
456137858772,414.7138499833549
456142860737,757.5323764481994
456164860019,958.9421677965357
456271860311,757.8723786435569
456309860103,728.0592087937629
456324857422,788.599353198121
456327858011,683.772844117346
456340828676,924.4726646461249
456382846115,608.9467149312301
456414859736,857.2830927375004
456426857773,983.2615593528074
456438845578,419.5170063051339
456498859393,571.6274163645966
456499858480,1066.663795965626
456519857580,302.58171288400666
456521859735,846.5983085658324
456593859637,648.3939597938372
456595859403,650.6188497253444
456601846299,412.7754193324028
456606859081,789.0095534065352
456609847265,432.78323367677143
456617859223,561.302336664704
456718860123,877.8620107713087
456719829265,1605.6453293992295
456720845606,468.9087991857769
456731846005,425.49650100157817
456731857548,516.9382834842315
456733858497,743.9880730845867
456746859447,559.7350613423973
456872860401,575.4313816527947
456903847203,649.5659826598038
456943847390,546.8731781260113
457072826841,234.5795440427287
457128858529,666.5881716146895
457211845904,486.98218182864485
457218846060,684.2019071790997
457224847384,693.8306419346691
457236857615,615.6568835181165
457278860862,222.1786472575719
457309854380,1588.3331273829117
457372857343,706.0917709695489
457587860316,579.8463974489263
457672859189,528.3873630584462
457714858845,469.3749652976882
457786860078,651.6443548803555
457791856417,425.24571018473574
457797852711,640.126880605297
457803856600,708.9433263171874
457817857316,525.6417620788202
457819858766,564.9491270312856
457885858717,236.64035723741404
457944857128,357.1040896417688
458002858600,665.8004030417413
458122855863,529.3994693413975
458293845246,1400.3491167585403
458300856685,464.48945298515014
458490844768,191.515721938274
458656856293,870.7494235292772
458694857175,413.10573081699766
458732857936,528.4545060394493
459548827498,1270.814454588613
459631860394,495.1911027767341
459702856515,286.7935280406919
459795857143,723.6542932012773
459892856645,464.4833033568741
459910856415,589.7085502822056
460153860360,605.7116233703546
460176835011,521.7765670614415
460215860550,568.338044203093
460237856340,1266.6815039452947
460238860759,842.6517038012613
460260859877,625.4590659471635
460275827318,331.5464855602242
460275860932,493.936086054142
460389816704,354.912132986066
460389860521,632.0252970472203
460604856457,798.7289204686476
460634860025,541.8572543695342
460645860657,700.8012144330978
460691860773,741.6424684084027
460696860378,743.2374443491165
460838860447,702.9477205837165
460951860113,1033.2596692081913
461026860548,504.78411229818033
461079860990,353.01970853873127
461174860932,525.5023625220218
461215857390,371.7165192956564
461274812865,592.6286864063525
461399862650,569.3974765572364
461516816845,1064.9923034277467
461541862338,524.3210447396444
461569854443,514.7617082760834
461571860286,455.5303959214371
461657860646,697.2879634933224
461969838603,628.0290643028405
462381858921,877.2150289903648
462436852308,363.7244126477151
462449859772,1452.5123129634387
462478852026,881.5911330632406
462484856343,494.5339148186305
462579856697,922.4733454172056
462630852613,822.6168279148858
462642851988,763.7172053597751
462651851373,791.0089122043255
462672850924,1199.5672644148153
462687859280,986.3441937785615
462869858092,1220.4081622862088
462917834023,382.50008952690035
463025833513,347.2377919532531
463054861285,578.7147488381615
463081862192,603.5978472363552
463373722955,512.3084265257974
463391861996,483.91718868865235
463502860232,545.3296283664853
463610855142,488.0525272001477
463792833819,325.52592407789274
463794840554,160.5324249909158
463973862172,308.3800832913918
464009841405,511.4706722579153
464094841264,279.1245356011499
464136856056,548.1264499014551
464153860723,377.4861972141892
464230831954,696.9087134051372
464426843969,242.27485845501593
464553862669,563.2881652387797
464664917828,449.12986889802926
464749861069,364.8309802500604
464770844147,452.3337215160721
464979859928,866.5131854055751
465007917235,644.7890369082095
465110861452,958.6920363066329
465145858847,529.8525156176632
465164917190,468.79109533277864
465315856556,492.262612751871
465322857556,430.18351247604085
465345860455,568.1531959401728
465467917310,222.5072099223737
465494860756,492.57774907988863
465693845170,661.1532718849857
465760859022,329.7598825146522
465810846750,187.300842252851
465816847482,615.7530650656781
465851860023,865.7399231564021
465864858282,831.8550032160975
465989860739,441.23279014231656
466026847534,533.8960513877812
466280859160,436.5161654981164
466353850183,328.6281325696266
466430852148,535.4901715462398
466438858981,708.9474021181982
466470846865,376.41206599159665
466525859465,357.10549192261493
466530844541,438.10776289030474
466609860764,411.13306331184145
466676842412,520.7914049473313
466762838797,469.70755436641645
466773844847,613.0034061100052
466821845960,634.2972167258861
466827859200,746.9199824087665
466831847119,637.2756181939383
466835841952,527.9889057644175
466846856516,492.1107329192526
466864846013,521.6755044427125
466953855491,827.4790006078231
467005846613,539.6413259367439
467026846234,533.465899495159
467051843583,1322.1744668520314
467073846778,713.5712247078882
467110839102,385.54536670179414
467130848917,455.5251227134403
467140847442,650.1636768440737
467157838988,637.9873407195613
467179843335,707.0657027077713
467184852520,754.6052612397316
467209844309,630.8689436330293
467211833944,447.47202566953547
467213846117,737.547625335757
467214859948,522.6465857907515
467256826371,466.7281163950941
467257853217,535.3990356729162
467315844084,399.29661603154574
467363843809,398.13520410604394
467365843855,388.28691530644693
467372846115,561.7166213546361
467384845362,637.8377731703999
467398860539,553.0624839186901
467412729257,450.4741636560742
467436847200,556.0900730449015
467458848767,595.4747365818389
467478846181,586.109069143764
467484858955,370.9969922437289
467501847572,482.6825585018157
467509858801,494.32126314693136
467517847994,662.6669328225654
467573847087,549.7765124974989
467591848839,433.81729297094984
467629839905,476.4469904914153
467641837286,505.53703788950986
467646855046,549.1979236259979
467660834322,166.3420059865927
467672843312,173.0337210627406
467672859205,513.4720633226169
467723737455,1071.169687983667
467740860719,340.9891700381918
467781917252,705.7895726805062
467872762697,450.6979435530495
467914858761,663.8251455361179
467926763157,621.8667227923428
467944845569,446.4331570299357
468016755581,784.6064840809436
468123850112,818.3341366144176
468147835702,471.8132219189819
468147838667,530.1160599614495
468162839948,472.69727223883996
468189859169,672.8154968241997
468224760430,359.3273331913355
468258848497,476.22516051748926
468346860742,472.6730435812244
468351845926,551.734808960046
468361843080,511.43780509211587
468364844046,253.55535217121508
468457860303,544.0732198475274
468482842165,711.0967949792393
468490842935,699.6771361130291
468490842994,438.3850784924778
468496859265,401.90449191895044
468503766568,567.4248239184465
468505807313,1350.5110109280556
468510849638,254.7330832122681
468527843143,427.2285408323288
468576859224,671.9765682705062
468577846468,543.1112057589551
468579846546,454.49098910143374
468599745513,602.1034116133966
468636826602,177.6051245252779
468660851184,499.98911095953076
468668843086,747.7454873724284
468683842076,571.912368574788
468717732719,1237.4232800138554
468724847857,636.1473512810834
468734854390,501.6089262428345
468748834525,700.9460013126953
468753860560,566.4895983212608
468768857373,436.79374927881423
468776836743,477.927194511894
468844847798,617.6304020213565
468855846039,446.2957637326773
468881860793,418.66535071225354
468882843107,784.5622541204909
468924842796,675.776548322358
468951845814,493.5296597903593
468955843937,604.53807028179
468999846221,628.1863148257033
469009860597,453.3649332991341
469019846736,557.1508751301848
469060847228,149.4583659041111
469101843166,703.7596735478311
469107845996,361.03419779520925
469115843283,297.51673132741405
469122845917,533.7510512177902
469252846617,964.1997561135432
469252846782,704.2040670800593
469257844102,381.58510552657185
469257858683,766.1487573550013
469262842724,567.6567383237004
469262844027,684.767601246849
469268846120,407.12615391730344
469276843875,467.0641343505941
469285843214,462.78465818842227
469298847206,468.98350221612804
469389859800,486.3361091198378
469414846471,1093.573719674529
469425845951,571.1460291616163
469462860189,569.3145843075798
469494843274,460.9816887542238
469497846627,526.8805125841917
469593842699,546.3855562787791
469595859626,944.2451856965288
469621842235,615.317022499636
469626846619,696.2011195982035
469628846407,551.6302602379773
469631843910,255.45302135848905
469639847254,663.2229799577048
469675860482,555.0982939270401
469679844090,1017.8903059279884
469713857945,499.6474024708257
469733843888,771.6991632313196
469740857539,731.026681463935
469765843085,475.4453562711422
469783840933,485.93290441678727
469797842161,737.5822036465148
469855852224,522.659598009619
469877846438,877.5577391505216
469915836769,431.2351673332506
469937843893,580.4210911455793
470022846911,600.5756045829829
470028846002,553.0371114406126
470056844162,1094.661060017417
470056846683,1282.055575095946
470084843777,819.4627725093992
470095841153,484.0623592840567
470235843168,321.3868214997223
470243847356,477.99653983255513
470254843682,574.9446978115709
470256842427,389.2290828376231
470329844371,1834.1360152571801
470383916364,304.28476930822984
470387843861,806.055181896924
470395854420,485.78251114267647
470403846196,911.8579579726822
470410845397,128.92100529351944
470416850025,601.4429322552411
470468843631,519.9841218800685
470475846920,1101.2809293303671
470524848560,550.3241357484586
470527859222,442.42044089109436
470584858550,498.309279588054
470606860557,288.9149451204637
470617849235,501.27016625110696
470618858984,408.4571684713032
470632848637,457.645694368354
470634848837,499.673032917968
470641847345,511.47332870899146
470666761048,259.61872023945267
470668844066,575.9631266895476
470751844099,1207.449119732924
470757846605,463.3318505556632
470764847129,680.6489825657845
470766847315,635.1581378585324
470783845376,1218.2506545110643
470800857899,1085.9255900189014
470837860781,605.3098974399195
470842846795,537.8576905689368
470897846572,263.3638212440783
470981846516,162.04689140619033
470991844185,772.3499485460591
470994847920,421.0769807233158
471068915912,581.5874567766684
471114847480,564.8138150511318
471132845883,268.71945229422056
471135844199,457.0482127734472
471146847999,539.6410205217711
471193855269,368.9281132242583
471196847901,494.27150260840074
471204853430,763.4209498847284
471236827938,567.2140188703152
471248843651,1254.9397277684652
471250843708,455.12933445433697
471251860591,282.8998808715676
471339845950,771.6808954961932
471352847150,958.7887813912806
471353848655,542.6130638917138
471365849343,637.3977821980139
471393842938,490.8984325148699
471420842810,445.10666617485026
471480827819,129.76714487015238
471518846263,327.3137004085523
471518848902,326.0700571174214
471594847174,484.3873203990988
471728845075,1104.526151462839
471732851443,538.8479030498231
471737847519,779.5230229270729
471754846878,491.4573578689251
471755846928,557.3686040907444
471757846577,489.86160816103825
471757847212,588.6338151500574
471764846258,350.93491832356034
471779845382,839.7783885419884
471873846470,471.6249864915479
471912847894,490.27254371674405
471917846657,479.7097476214479
471946851045,656.7158739561418
472083846706,570.9831619277462
472111848391,454.81717414211
472115846823,732.3350800324417
472123842911,457.4484971934038
472135845975,662.273672395337
472158856869,554.7362807008441
472183851003,290.4989243944109
472256860611,421.28024085685684
472266843934,521.1102023306869
472266844141,813.7576715342833
472267842964,490.4527286984739
472273846021,499.57089288591084
472297845937,716.5070089448068
472299846360,820.8932275695668
472326847252,649.4801856868348
472338846612,528.801162925137
472412860307,484.7062364126784
472427850630,908.1788558915017
472456843213,617.5701897221807
472459844353,970.7422916106643
472499847241,446.9680593687889
472507843691,680.4801583389968
472507846185,471.8561474927098
472512847172,539.8258349151663
472519846840,760.1493027619168
472526727194,381.4956073288804
472547850884,607.3417030343113
472639846368,259.12263413766044
472640844849,1129.470088426935
472649847317,761.6019346847249
472659845384,322.70584840693016
472677848011,527.0031111290491
472683850197,1001.3405726831561
472705849068,580.9506509530123
472719846479,577.7972000105184
472803843210,437.0036764563859
472808847179,597.6596403171885
472821849075,420.4398305695252
472880847430,559.5396785526377
472905846145,1488.7977560938527
472921828838,483.49967181119024
472933860590,470.8331635180648
472941860183,922.7288164726685
472957809160,760.639791401418
473024824458,310.6640683022067
473025843826,574.1802109731665
473028847123,524.0934226542405
473065842951,917.1304588947106
473092847307,326.03878148341533
473121830045,606.8677992666538
473165727570,386.7942181147032
473185829708,559.949884549978
473234860140,545.7973579688204
473252860179,815.81638891147
473254827931,908.6650259491898
473285794451,685.9533301174614
473330772865,563.2807674111042
473333914129,564.3899126164049
473407825665,481.7185725891283
473444832205,991.2192673033096
473501843618,706.4152634449399
473519843970,537.9662331351764
473523844780,1918.597848241739
473631842080,430.5359858097855
473654832435,408.6093740246105
473663844568,499.8267762002119
473672844773,471.8465306434699
473677844512,509.67414505470356
473703841173,389.71595890480114
473724840027,756.9961893289162
473783841958,391.77480007751063
473795843269,1034.946258201283
473796813217,534.8518721227441
473808844602,491.44439608709195
473812843577,584.6071118401765
473914720897,803.7210417972444
473920862191,544.3249147115079
473982833569,615.2870245180544
473999843952,605.3798486438599
474052843605,473.513373667097
474074833300,531.3919155531645
474128861207,712.6104282431158
474181844170,660.644697843133
474201845954,613.8322779401917
474232715973,332.24495933411697
474232841102,500.54563430931097
474243840473,259.38700578841457
474253834160,421.3604766680532
474277813981,737.826201370038
474315856930,663.9113960087524
474325843990,484.6208962504233
474333842039,526.4889323927678
474333842160,524.3675254510148
474347847705,1612.0300944691548
474359857188,459.1901801366154
474379846147,589.4768508221459
474405846605,450.51855236431226
474424728361,703.7898501265116
474435863309,455.9194950607159
474437841910,599.8437347246113
474477834354,443.48116594124883
474512915540,502.00773543737415
474517716407,461.54363501559664
474584863337,537.2400944945829
474608916272,470.2488673247721
474613727005,928.8796941911523
474631856718,406.4348891149565
474640728348,769.4511199161244
474649846634,1017.7834602682304
474655852985,459.11536822463717
474717809034,687.7935489196218
474721847458,751.5360799222892
474762816235,510.39674075765237
474772844546,519.7399235854201
474799846696,682.0663313687785
474823746910,1501.1167956919573
474831843585,478.79977427888684
474870842674,500.05599684735535
474880915329,241.4293928082924
474923728147,1111.5924511047133
475041849840,253.36828747760407
475052846302,439.7956517735599
475090844558,731.2463692706584
475132855277,635.8091767880823
475197914051,550.2441955595003
475205863153,325.8889520671496
475428839425,305.5122128395189
475452842121,795.448091882829
475486846911,490.1478867162711
475630745939,797.0766531174053
475631847814,683.7505154095979
475675840401,641.5497399820844
475698855967,458.3881496205608
475732813733,997.4491863599528
475741846832,536.0792253668646
475762846112,1607.6888172783913
475789846525,390.7839164131034
475823842270,1327.9226894003239
475842811614,404.22279059292987
475851847585,703.0509437942404
475866842395,562.6269346114768
475922846000,640.7425738013712
475927840421,809.6253972068699
475935840258,538.733376709454
475984840923,242.03355335056466
475989834169,575.517140757251
476060821768,728.2414180735668
476093843519,772.5164557020664
476105811096,708.1087887039897
476116847269,508.86484721195967
476125833960,653.1979222137767
476141852881,691.9909983583302
476175840917,318.5689862154907
476177833534,703.6901262945727
476230843444,750.8061303345966
476276833516,688.5085026044361
476334844783,1183.4632798912764
476345848029,1060.3930354341317
476349846644,983.981465824912
476409846684,537.9313709597441
476411841001,599.1158475283826
476448845955,504.9283297145945
476460833455,546.626480700852
476463846774,358.61628382471224
476473844193,537.8437225766605
476481846019,890.0284909778283
476519845703,538.8650224346651
476556842552,308.1698525805594
476577833822,733.7254249518783
476594843835,685.4402633812521
476594855893,514.9807230679369
476609846441,936.5110148607906
476657847365,792.1620182916681
476741913828,282.7593742619139
476745841680,824.2489413664584
476844844159,826.6973918922429
476865831523,762.4513462472773
476880832681,541.9577931020586
476930847599,636.4324487642075
477140842075,924.8294031824521
477165821078,771.425694837037
477290847734,664.1633154481866
477308848159,219.49259740567598
477392845033,515.4103119216112
477398810178,439.383481205402
477401803182,232.2291006772828
477511804069,489.1472475695451
477592845827,641.4654184796649
477596863065,542.0235801449737
477685842086,134.74545932755115
477752842766,580.8954358943483
477784841934,667.2202150481775
477868842796,626.7405638792928
477969846943,327.9757118283525
478057838712,672.7784363124264
478057844523,690.3501756447998
478139844826,1194.178488297674
478155842692,800.4831553718755
478172845040,1870.438465925265
478311744426,261.9658312870301
478323844634,904.8283162969988
478337841845,556.3199053330625
478339845065,696.9604249470126
478352843891,851.8190868586785
478467812680,499.3407625870925
478477853095,476.78924175518443
478485821080,489.62852446340753
478512825227,365.85164202322767
478590864566,612.8069029011727
478643845227,372.4135965672568
478684807084,589.3135110488992
478703844185,324.1726809040328
478766861132,620.7315788036606
478792841854,1110.8938178988692
478795806963,512.9213755690553
478804842214,624.194864803982
478812842060,677.5793502836773
478818860271,298.22677364670335
478992842631,756.9081729218473
479079840456,864.165194150153
479216741777,485.40543103911426
479234864508,1025.3971696620804
479387844806,516.6775615758711
479483742620,313.98778704970914
479579849595,618.6317360911206
479592844795,812.0265346418156
479605852191,635.0983182404374
479636852488,422.6236777605811
479663842483,826.9876737164647
479817862048,466.49285659896964
479881840416,436.88796836346154
479964843008,780.2477172672926
480043868489,1427.582681798068
480109847650,749.8736605378306
480132844493,456.04777375206356
480282845602,690.8005264499449
480293849473,687.9189168856101
480305863662,1532.2165189582688
480316836741,1182.6095787845718
480386843620,518.460594048859
480419845758,889.4940998714251
480441841131,557.0270018416969
480453843720,234.15822252200383
480464841749,531.8561104176632
480527843883,582.6338330252839
480539837043,895.3043454839886
480637845743,515.6272527025764
480653845076,369.8037428584544
480665840817,271.7848385058216
480699841894,502.50280893606356
480761835316,583.4850621778428
480766841695,491.8871279097968
480919841422,807.4405721810058
480941830595,609.277402153545
481085844680,493.995805207874
481093850482,371.84318812587657
481125799862,715.7365541867305
481162841402,1143.8734472892945
481168817512,401.1677970533342
481227843559,852.8820010009232
481332844477,228.5720211789146
481727826303,422.5313380525052
481782843948,659.7753935889201
481837841266,1017.1089458789197
481871841344,1339.3256838939913
481873836015,589.0560366242584
482272838733,1584.648756534679
482314841892,1786.858169082834
482425839324,1900.2562019815475
482599841590,1520.5712594631345
482662838318,1332.464855865143
482812839478,1581.0676757424058
482840845549,596.2557258518312
482987844573,1587.0750775708163
483021837990,1216.1207990191238
483277744387,603.1089735791277
483382794796,765.9692380232545
483472838933,699.0746780466068
483480840182,1628.1855083154264
483618838423,1952.3226842063484
483632843504,811.1824820999452
483670840509,1801.869353205127
483809853957,755.7227733850792
483843824999,634.9568308480777
484022839520,1267.5615378525526
484094821157,558.8082171198051
484197840161,1122.9319901745132
484325838613,1226.1639876960637
484363845226,573.3918160586389
484514852054,475.9969223761765
484627838402,1483.7967660623242
484650846387,1228.0310031270953
484869842548,2002.0916023870495
484913843273,1269.6331782280233
484914844252,1571.8369125860158
484962836934,576.3151380415786
485063838700,1643.0681364366014
485219837418,1050.595417434483
485420852844,507.55176789602575
485438837640,715.8447838805855
485466838631,1487.6275775425067
485521838904,670.6317681241162
485545839368,1645.6188425962932
485569841928,1137.8466511945464
485577842162,1759.0204592343032
485596837889,582.4754365067666
485597840707,1563.1906642957492
485895838764,1762.0154514480134
486033853027,462.3342206569294
486102839500,1167.8248514705547
486133841657,618.3477073916557
486295841846,1588.6047875107975
486310846857,1205.5580353862983
486353839586,1414.3753251001574
486411839332,587.8919614575644
486458840143,783.9162465414156
486497804919,930.492881825373
486815839826,1106.4745481492457
486819839647,525.7586479997112
487087837721,857.3414322562704
487453838430,699.6686558526463
487540845116,707.1010114480326
487568838391,801.5049739288226
487674845844,612.4570263140923
488149802119,1353.439612975209
488258838322,785.4736936251468
488309844505,1090.7776141574655
488629844895,883.1235680555119
488695837002,395.425873155547
488743839652,-58108.39878376065
488787805340,485.4287935521333
488870844116,1784.1825997967378
489036839673,851.6045200557832
489046840013,1421.4448187845903
490021845050,1171.5710495720384
490402843258,1424.7110954758741
490550836477,313.8693032813632
490594837540,1653.393036533384
490622839852,1682.8834624726906
490692838767,508.3938712990498
491122835596,1327.7005300552373
491163798573,494.0247335433067
491477857221,778.0996645946889
491535832054,415.3105099983545
492025835124,547.3260934745464
492157865909,418.0257125626584
492325848741,493.11757413020297
493121867034,458.5621894172007
493267866420,602.254119630381
494260841247,242.5574720088844
494303867546,504.44358897303755
494559831639,672.3781057211304
494655831927,871.9163430541981
494662868058,371.78527159448873
494987839720,525.1006238804948
495130851316,1085.7068218712257
495363851581,718.5536719348826
495410851059,1170.7723433651058
495685852758,650.5196868608799
495689836239,390.47598150168625
495888836403,866.1933028271275
496795871774,579.1828548185738
497138845860,582.6979283626297
499081837203,719.6902533341698
499368857861,742.9709510207452
500202847456,653.4615325640701
500419870904,625.288502150593
500664852250,455.9923223495735
500822836634,537.1348387409639
501139833635,504.6346144310273
501168848622,976.6636054347938
501568859872,636.2950481367324
502088862310,453.39492231612655
503070860580,564.754374663709
503154842425,735.2051454619157
503945872621,617.5441324399434
504860862692,248.84450637102037
504988861917,637.2221668753759
504989861433,533.3058757570184
505189862169,586.2776017855008
506050860305,510.2444186097603
506749862057,521.557317524796
506955849472,713.6819601268354
507331863675,624.3804111889868
507412859446,723.4000622993208
507500845586,846.7911605647158
509293853909,357.7280916107132
511216849197,551.9702759240898
999000000119,1921.832894988356
999000000131,1172.6864527801959
999000000134,423.04008811735156
999000000136,1236.5034038115111
999000000137,464.7540413610752
999000000139,475.1829793676242
999000000165,584.0367481142342
999000000173,1049.6089686048529
999000000185,494.1304030734541
999000000192,700.3057998535281
999000000227,1153.5377205943823
999000000230,504.7323795058508
999000000238,1109.489004395609
999000000240,1186.6237459284168
999000000244,1091.898811532087
999000000280,273.4956089736919
999000000283,1470.7691993664896
999000000284,855.023575592584
999000000285,1234.7921542477004
999000000287,1490.971612194445
999000000296,707.2316060751463
999000000307,831.4264313041541
999000000309,1609.4674215695306
999000000312,841.478991671397
999000000320,858.6066784579125
999000000322,1012.7297165204791
999000000332,680.6612341056593
999000000360,775.9477742944612
999000000387,584.2741148001256
999000000396,732.7644756448695
999000000402,704.7408247717433
999000000407,633.9915543285325
999000000409,639.069616028342
999000000410,585.3325701855148
999000000426,630.6836650274794
999000000494,1733.1814649903445
999000000495,1578.5959997969753
999000000496,2308.5704059587274
999000000497,1465.81650236352
