BUILDING.ID,pred_gas_cost_saving_ACOPT
370244899060,-29.50371807729522
378702892165,-330.205789012566
379072892713,-1581.276465072233
379328891539,-1113.6519435837054
381005916882,58.84842208278902
381639900770,-157.05642625332356
381980890380,-400.61941378243677
382479888785,64.06946388108308
383377902547,34.129391190485165
383508891239,-23.052116972319016
389347907548,9.692763427121674
392323906596,-79.71224436031613
394040910048,-1404.716965220105
395154885837,104.48327649187372
403510882745,-115.37062018520865
416331879648,30.41050658131839
419580823238,-33.420539115406704
420463899029,29.292600490410212
420742839524,67.59575703007172
420991900560,108.67913861395596
427427868956,75.19689473991802
430216836027,80.99152024285408
430831838865,14.123836103111854
431756832236,36.16906759395975
432026832144,67.99193401160021
432940813909,-645.0402614547666
436274875405,77.16476012015735
437292895970,-505.03475152354537
438112897550,-2.8746625745707313
441384807466,52.079993236074365
444128896966,-135.1054259505385
444996805746,119.66097427047184
445467889073,94.1303488993541
445669895262,-397.7563462521444
446679807826,64.01219738505036
447757849048,120.27214843410573
447978849777,-181.25274499787312
449399891254,-395.7051908911177
453801830600,97.7849491751969
456558845309,73.572969219325
457359858295,-31.902620559174107
457906859706,-866.6582900281979
462016818420,133.42143509904807
463310858794,-56.82572153825761
466703917206,219.48867676678654
467409736593,76.86028715911397
467890843439,-89.06943651833723
467913749199,49.89638360956819
468187843022,84.1923782900373
469318858071,135.6016898733166
470261841733,41.769237184749194
472938826717,49.60101961746198
473600855935,100.54755064912372
475660789684,-13.44339778286402
478019842830,13.462886955864958
478669911672,88.04742484202184
481352834057,-191.2819820155033
483517835306,-24.69599182024317
484712839477,-97.61562107644973
484827838704,-81.77552534438674
484909831704,-185.95692857669323
485012837905,-16.033356591045912
485167839050,-229.83561277652
485840833736,-27.287429542545222
486962839399,-9.397396538312652
489357839995,52.19679843986169
490498863361,112.45850223884742
492934866245,80.61181833057677
493537867216,132.54863459888332
494218850770,-615.877081272754
506565864343,142.71940442936685
999000000128,44.100579152324656
999000000286,-754.5262448181666
999000000291,-402.936947975246
999000000327,-446.58899889719726
999000000378,-333.0069099992049
999000000444,-1377.7021931302863
379592888001,8949.129990878617
380388902613,1285.9587934253175
381320910314,183.5279748896388
381330910169,233.89211245784952
381339909702,489.02125276616783
381840910625,146.7831537949396
382166909827,244.1451315324548
382270908470,1820.8046886384066
382281907913,671.0040466115347
382683907950,466.5085104706408
382822907508,249.90718775264506
383603911046,714.1539799958739
384512909578,381.3117818204934
386607907896,318.61093124964594
405711881767,892.383969723908
412548894732,286.08757882762524
420442879452,18163.692472633706
425370889227,237.7655820654809
425548839070,859.3370612330923
426607843742,11270.056991848061
426738838446,465.1043308562606
427094835618,11288.457468429577
428158835557,428.86632298731115
429751923699,448.0448135499661
435172844277,10097.292206600961
435226843421,14062.714264567345
435482845065,11377.464825635385
435518844653,11574.95419000234
435955844002,14138.772195099551
436323844287,19761.376044811328
436341842530,15480.404413427284
442593910721,-6.058138495255145
442871910523,-75.8710915252794
447446829420,875.0905238851019
447533873733,302.2838395640021
447737802508,1297.5190289225995
450696884785,782.3727238789835
452171872920,14312.22689505729
454615845120,9700.365176351472
455197870572,393.44004910732855
460902830465,1003.7522853791966
469241756568,255.67494922523053
472597746219,0.6003519874724355
474401845417,353.2018028995604
478641843437,1029.5790331753426
478907841613,566.808886419643
481217850636,125.4159363070326
481985840971,10964.903712148338
482022839527,13244.446108559174
482117741297,-10.258342957069374
482355839896,8855.885374986985
482388842442,213.46439528784552
482490840118,18645.024683762822
482677840429,17072.65556533862
482791836625,9801.250845611323
483130840965,18724.710046540662
483672841146,38068.378996515814
483765841835,13451.721817067026
483789840364,21559.596084643148
484289840584,12113.720843376057
484411841271,18309.450639916697
484837841207,13624.005882998052
484947840722,24270.62370453193
484957841994,25977.174673407484
485091841660,35159.82501904079
485867866238,449.54094973955904
486086843605,15179.296517578521
487566840364,0.0
488403841800,14266.253440996441
490080842381,9723.537541188694
493190847369,388.1504837692456
508239854278,434.26693883991095
617,340.2970250883692
3626,519.6105180088798
5817,294.13167357816604
6228,458.4923512020141
6522,297.89195169566455
6534,300.137643740278
7903,281.16962209293285
10353,330.06514857692537
10713,382.24816899738323
11526,278.5452052050342
12831,417.2791263654408
12985,285.55091176984484
15794,372.33811671695713
20589,246.83663657105126
21780,377.0037948845936
112217100365,263.0127203214931
112217100367,281.9596079502975
112217100381,229.02507351254562
112217100445,269.59937204106535
112217100465,242.4721559625505
112217100466,424.93775533746214
112217100468,266.898571095918
112217100489,236.6594306467281
112217100492,318.2310928884618
112217100498,371.81994003294704
112217100503,269.9667039954263
112217100519,327.4672365658041
112217100523,371.75285909322946
112217100524,398.2179254840422
112217100614,315.3268203249779
112217100622,345.4337447895954
112217100625,580.292375460489
112217100628,341.23390942193083
112217100629,467.66615860853386
112217100636,404.72215705026883
112217100639,508.9588178120506
112217100666,-127.95192369848252
112217100668,427.57886264333985
112217100678,50.848664801438765
112217100680,519.9019890328316
366050904621,220.82114224033882
370640881622,339.4036549865422
371094881812,426.368398069228
373224893625,176.7074147945814
376346890898,323.18616791690044
377158890270,325.24533307787937
377628890108,331.0559963053094
377659890046,306.5257849280613
377659890356,328.68110551445926
377844893247,238.31366826889737
378043893046,212.17197158233273
378329885872,335.5219621274482
378545899428,388.51846131804217
378594902311,236.82037064615574
378625900138,249.96885998458595
378702902344,192.3035890760037
378732898794,144.03118225037133
378898903149,310.72916970744365
378980902803,286.82843003502353
378994894882,258.347782416843
379005902304,216.76249905230188
379059902300,232.7564064239643
379109895156,248.88676800321534
379162902738,311.8435987498468
379184902168,173.47327247941675
379274902737,301.6138309857019
379389902171,163.6526954258376
379468902294,283.081541806643
379573893820,442.75488991586457
379593914399,429.00041290288624
379848887189,387.40175419793553
379854902736,275.82153178491825
379943889810,458.65245757168543
380240903104,393.33006479275156
380398904787,403.09811617276927
380629905001,449.7610645023522
380731886095,530.995990553931
380858886543,228.31835839794113
381270905897,327.65210277910006
381365917425,270.7158089644094
381424892852,569.2815613051451
381473896894,256.2861646789272
381571916049,158.42035109871398
381775898805,321.1869951761607
381874892447,238.1028823691675
381908898782,270.4251261521604
381932916205,289.18082754544184
382038898986,337.3054276059328
382233889755,476.9732206958636
382289896531,258.9676701675866
382386906689,82.74967700561818
382637907242,419.964667618306
382681906783,463.4310092015033
382723893104,524.0551785922672
382743906275,523.2939069274234
382815905818,75.66605716924558
382845914013,252.1893475037351
382898893584,386.75465726288
382934897106,300.5387174735752
382940906762,185.89219380250228
382959906334,388.4521861711295
383134893028,289.85446452798254
383173903243,287.55930050052206
383174893301,271.32152108785215
383226890204,634.0665555613903
383251905340,318.54625680983935
383278916169,282.9056666614086
383290896418,90.04117531845569
383291888609,236.78295966513653
383293889059,236.78295966513653
383317906741,300.1648473867611
383328892827,528.1189692344228
383409888313,401.6332060193524
383418906619,253.19422493463242
383475888737,236.78295966513653
383476888542,236.78295966513653
383476888676,236.78295966513653
383476888921,236.78295966513653
383478889116,223.9491134792092
383488888348,502.64682774807324
383518913964,324.69714452284535
383531893153,181.8756543352445
383575914162,273.68410891850584
383613914422,277.36682531359804
383624915256,182.45717708119597
383635914938,317.85737400876917
383645893806,289.1627945691677
383662906468,306.43313255424874
383665889056,223.9491134792092
383677905746,408.3711250574313
383697906080,407.43915245641654
383815896479,265.2757090946082
383819896687,260.2191293700574
383820896574,285.03531772395087
383849906387,519.7732190696483
383964906237,225.31046487463124
384148896441,232.61056051342453
384149896540,261.25391025303037
384228896722,240.7943747247405
384272896240,315.9673533791876
384487896707,305.3249994790599
384994893502,267.72231520663547
385203893489,293.39160308345225
385212896262,191.28858654526886
386345883904,-727.6288220012876
386575883961,412.8115394233409
386591898567,694.4451693769552
386618883811,469.23007459799595
386714898882,225.44341158585104
386767898063,231.5141659392366
387013896321,292.85379805916057
387072898899,188.76047598912547
387386896298,269.7486423694322
387498898982,238.4710284534666
387544896367,483.938537237339
387768896295,218.70921757463537
387827902827,182.15689327007925
387969896266,281.5537099018329
388116896270,363.84202527634056
388245895753,258.77618164597675
388330896803,180.70496323449495
388390902513,331.7375991448486
388666899207,334.08960893589875
389243898916,89.12837500111739
389467884701,331.18206780314927
389503884266,182.19767869855295
389635902693,107.63378875542008
389944902851,275.6588027962761
390311902842,289.90397359430574
391869896539,323.13554459602324
392185910796,501.77536647596577
392795896526,291.16841958635223
393224906041,251.47735631635945
393288907341,324.822381948519
393856898509,259.87619679357795
394741908728,157.43521388615594
394973908625,238.42207995907205
395110896141,294.92841699575234
395346837868,356.33933262095604
395399896202,266.99381055384833
395704895544,484.28130869839794
395978908712,140.73221559292716
396735895882,270.8260742014163
396798905808,74.51573549566237
397132892399,504.39792349806856
398444886458,294.0312164456806
398471885679,169.17685594170777
398504886181,79.78865352242182
398712886270,177.5674065712216
398795887708,574.4965742700912
398839886227,60.91976225739475
398948898861,356.98983706125426
398992911908,346.1976045813427
399051911334,174.59335749602963
399085909786,428.42195236310994
399087896452,284.0062847978565
399153886268,251.28148490314015
399203910375,141.14437011380372
399207912060,232.97485671671004
399216910632,269.5642594030866
399268899495,97.26928536510815
399332887733,337.6575784679657
399340886990,427.6437931213368
399371886150,376.2855080515253
399397889583,334.41738103673185
399400891311,272.10732260921276
399411901204,415.5760088189242
399441890050,348.9103981230217
399441911856,326.4824335297554
399649887700,321.503316441974
399655887107,421.8942465511895
399680901132,352.30058139630034
399687886326,91.0455853335154
399701899576,382.24171102305934
399735900940,315.32355879878514
399746901791,415.38776879739385
399759899025,85.43831002360523
399767913480,493.4030714417721
399778912746,242.98160277524912
399938887042,398.85816061801006
399946906676,290.5468895323234
399989897561,261.39995009848474
400046910437,216.01936719848217
400062909942,354.1637256683107
400141910411,127.25436311717363
400186910666,383.4230432165493
400195909633,153.74473814689352
400213886331,348.383148381185
400237911660,256.76621245431073
400366886694,234.46418195285315
400633893574,579.8568360671153
400961886303,310.3944515695426
401184886378,85.10241342746107
401333887884,293.7721995886784
401514840550,129.63856127947687
401573885390,261.0480260217456
402252917842,380.9300482732359
402257918661,241.84838532408617
402306884699,282.7510596009314
402392916826,270.1667279003543
402555885228,465.5672316967954
402691895849,331.11064895125133
402731916972,534.7170933715126
402847884286,333.1159138555892
402850883520,331.7154895838931
402885884809,447.7526246964727
403049895823,311.2652492736917
403109916945,355.22068322928857
403199883178,412.69922256134606
403267883561,407.95855840998064
403269883441,248.37428411790066
403273883722,249.1609801645484
403274884028,352.61297323236755
403283916845,346.32727817484005
403609884896,261.38966975959596
403613913834,167.22138012817277
403740895674,575.2339247635744
403753912665,376.3125760064399
403772913397,434.2415244993151
403898883039,143.10600445828933
403899912161,563.3899004236488
403904914860,301.65893483930324
403918885283,318.82050327594595
403977914508,253.62069693249322
403998913694,240.05131250526415
404032895611,349.6326886908718
404178883880,159.1533149605928
404414885313,271.84587817428104
404660884630,218.76451244203497
404694882609,379.31813809061236
405076882361,337.7099836366484
406262885408,129.79752868760232
406488895797,209.87937306283035
406494893410,158.82579139278295
406759885305,352.03764519204327
406994885305,239.01444058631404
407346893402,368.2355257391825
408428903392,552.1812592499148
409207885246,257.0243744891096
409622904665,343.4779503853011
409646904982,431.7202946813844
409818905464,216.738290485829
409865883925,490.40773871824103
410033898757,96.5135041349848
410061918297,321.83211267431113
410167905407,369.83346588421284
410249916907,265.93129614873425
410423918765,271.03246310464493
410701919036,250.2080600279531
410815919034,81.60795842164163
410885918448,522.6655963243012
410968918971,384.43345212075315
411125905466,395.65107105755106
411319896095,247.85769207314638
411629916309,192.07064864190016
411989890809,284.0892527867039
412387921628,319.0602102483116
412481921416,155.19664769211337
412616893126,237.9995692618887
412841892459,331.8655427819967
412859892300,241.14056925018488
412912892777,265.0797257571013
412927892877,237.6639481491929
413088939138,600.2067216744148
413569879736,598.5357705658862
414899895553,152.86835778717523
414972893466,74.365337991626
415184879552,546.9313334005344
415259892124,231.14844536363339
415268895308,127.48782560331323
415274894894,258.2028636738078
415553879956,202.30275423717438
415829821101,247.08083582670554
416202879924,245.23922582858572
416286895731,401.74919689774714
416466890846,290.9687522723505
417447839836,185.64966240234062
417535893220,278.92257124836095
417545895824,347.59736307467307
417569898723,71.91597449495887
417620893202,303.4777498531384
417753879625,193.1210928927812
417836903641,382.8221709016819
417899895169,354.81110398359544
417901891827,259.66584572724594
417946821370,225.35348712270576
417962894177,124.50645430557613
417978894506,151.97825884396994
418157898450,214.60581540817958
418213840624,260.02794651707575
418332840576,223.32369695059222
418358879453,217.95125577339238
418596916009,254.04219502366072
418627845966,267.89573653130685
418719846243,370.8330835964133
418772817957,258.1493153411852
418772879441,377.11031873521927
418957907930,232.93024251955805
418964841435,228.91308088101874
419043905998,262.0439543632187
419071908316,196.52233678845587
419133838617,305.57900897499616
419146906332,298.6732826584978
419171906097,281.7434499270417
419172907503,347.7783088234582
419178904335,341.15322244908316
419190846190,271.10849111200366
419223908632,274.3171923631929
419250837603,293.00863231625175
419276908315,272.56671693521633
419370907251,117.77774241208553
419390906146,277.80591292531125
419396904071,336.54386404586523
419416906428,304.7697716175487
419427908664,264.98376662034565
419456907708,244.79373519075898
419505908588,233.900460341514
419568905939,248.7760639436
419588844344,121.2347168736747
419601844009,474.3883866022798
419605906904,275.1439451018781
419661844664,187.8914319632968
419706906043,316.7282579323569
419708851480,250.5984850266962
419709906644,255.09052353211982
419714902309,105.3202062127522
419753904000,411.2620599459415
419763903887,414.9682246707585
419820815813,290.380396226246
419835893421,273.15810632797303
419848893202,301.06132910652656
419855908751,347.0199052839175
419958839869,208.7785460430761
419964883517,465.182702120919
419985883142,274.8247843607976
420010882869,360.18025037856466
420025837077,227.40744856537844
420055844284,493.68274297966684
420084902076,218.56875592036496
420140909364,571.2306598100979
420149837843,217.13340297550224
420200837898,199.67592490761987
420272876980,278.16736595660524
420296902155,265.81799005970146
420308843303,243.71711857333938
420317837141,276.9444259418274
420321877170,231.55781299726235
420333839494,278.98485962074284
420340877544,390.0319665143538
420342884206,361.11488317748734
420352895186,254.04981720442507
420444877112,256.70864850372294
420454895125,288.6233755134335
420486897586,369.7810509630518
420516903781,169.50115135480425
420540879743,496.8246636182639
420592893796,301.2092576178316
420606915239,337.0996838515319
420624841495,189.47166727595405
420632896767,280.03094151363916
420641901507,349.28868892186887
420655901403,253.10681812646385
420718840926,188.4759883379558
420719882301,269.5993001855539
420729881816,286.23901513102754
420732840079,189.74758053535768
420760837872,136.3927887181259
420779904845,181.59582175661947
420796894370,413.1053532172023
420801902153,301.7583419564441
420826884325,298.9261125145263
420827894871,294.9230181698044
420853904909,319.8148841297922
420867835941,155.24795402404035
420884842921,238.25831239266427
420886894092,346.1654218301138
420892839078,218.11383217857156
420901905080,189.19056118183823
420918843288,301.2412270271935
420965814701,173.10286671876005
420967848821,336.57185700220407
421029904356,289.00135195529174
421034905304,292.7016448301091
421049908561,309.62187064539813
421062905164,230.45292757297238
421083890853,184.37783172727538
421091843143,144.48658691242687
421156895767,256.5691968001097
421186878286,151.72141989323308
421236896091,313.87755144866475
421291865990,121.87928307559534
421311841162,190.98653366791325
421334895712,273.19690017580564
421354906723,299.1111863454283
421449932901,236.8515333299559
421454908568,266.8790275935181
421464841625,238.89422726492586
421549895830,409.2198747029051
421557906591,243.74095690042668
421592932726,231.1993727450302
421594841414,168.05075709616662
421636841788,292.80487153222356
421649841284,284.56280485537116
421677836785,155.65609448563444
421685813818,256.5333026883927
421739907202,261.28390025274155
421758882779,377.84426463179403
421761905567,275.56627675251525
421785890494,225.3994777237014
421790907459,141.39102205696273
421815877872,92.46083738937806
421845838878,173.84820844828414
421875841141,185.10766618021958
421883878655,307.59204396009414
421887896067,250.5198187826046
421903837008,123.74323261466331
421914822687,-187.89587842199663
421924841217,219.77924140059685
422107839876,168.4327526353074
422173893124,190.2218360594965
422279836692,80.86089231047916
422316836931,382.55779410866745
422364893185,256.6403770495669
422488905927,328.47734506842306
422503905532,131.16125795212483
422596840410,204.6752706594933
422605885455,207.44528361004583
422686893119,330.15657331487364
422692896237,347.73428371654796
422718889340,302.37586315922687
422718895762,345.24040074581427
422753893342,279.1076917025137
422792898684,386.0500980056196
422941878481,150.20154455754826
422942839624,129.59582596820292
423029903465,118.3595570237962
423096889619,224.05053470509398
423152884098,83.56018252166028
423153884656,242.6213362222644
423160878446,225.75591704484492
423184882752,250.8450945054591
423194885000,268.97972364436123
423198884256,226.50972918159965
423199894188,232.20679259588235
423203905648,340.8571320940692
423215894553,221.15889846731307
423230903102,264.92258931516255
423368839294,84.0963243080946
423376879571,299.4152363235519
423440880007,236.52141535445213
423484879098,338.9686777582951
423550878881,284.3143961377295
423554838919,97.39799190062526
423642903370,364.2770660730919
423701905891,242.09906953589925
423760891092,144.46374676462304
423786879892,230.62768632662676
423795878846,128.25597949573572
423807904325,270.4629324142998
423833882798,73.92834710714818
423862878695,188.1931473114015
423867904001,306.0643186440599
423868903721,321.85035669646635
423870905005,304.9101673174697
423891905412,307.5676339573401
423898901171,168.30966414225816
423899905358,295.6250991777448
423933905161,283.4669465986775
423935905218,60.06145253486481
423937906143,310.2508345650092
423940904199,277.74300356411806
423945896111,484.82152272886793
423965903213,299.1532763142488
423975904780,177.76665352086488
423975904897,108.20423272467922
423989838088,176.43891899346474
424022878939,341.98219178916634
424048847354,328.72234088177436
424054848227,245.1643413790946
424075840416,282.1118770174966
424097904183,234.97535537780294
424099903397,279.2259919870514
424099904674,279.4565979153114
424100904045,301.91431264777026
424104904784,293.7681771976489
424106878805,225.30227724543496
424112904979,274.0216717782965
424125846899,235.16468361125698
424132907127,204.29555478926085
424148847924,240.1971424109269
424154905471,93.82763503940271
424165902825,347.88176446418726
424184879685,390.27039547233875
424186879165,277.18023839040325
424236847386,292.8152670016501
424339848081,347.3134321625344
424340879242,197.73309987872057
424341879777,240.27619754688283
424355878790,217.27911043218577
424375906832,196.4398296306705
424384902879,311.39982616278803
424397903876,143.85766917501093
424407846557,199.70625729445712
424426908211,170.52644557779337
424430906593,282.91415992901267
424432907568,236.03852473005114
424465906993,73.6759863080203
424477833057,343.6002934920104
424485848043,300.70008908623737
424487904204,242.1785165168415
424502903490,179.47978414523402
424505885194,244.23838516134222
424576900927,197.93168653559601
424593847183,425.27371306819595
424619904175,203.92163966079642
424663903143,102.39273871370484
424663904268,168.74560036840532
424714904601,241.5695983917207
424737905905,308.3247465357824
424750908283,333.9119574102151
424779885230,179.56008175978062
424891898802,289.61238516887585
424940838000,314.5000283417171
424961809183,331.63995063080375
424979904208,264.6299303313566
424980904318,275.26888880606737
425014904430,277.9529948270027
425015908711,242.4633038199507
425075904846,454.94610050609907
425077906171,234.90701466391047
425098890010,222.40828525121591
425207847897,215.3853974156177
425243907130,221.811740719123
425258914039,337.5058692909431
425291846894,357.52231537000506
425305907420,123.44178493892353
425309882602,243.26838454173893
425315838085,97.13917754559002
425320910418,227.5446802174486
425321847033,201.96608804001679
425324846552,185.802369281196
425341909908,374.7263809616288
425379907695,510.74426731939
425408846651,80.7221736018262
425409893657,108.77703276706055
425410885410,93.85809310757071
425419910693,110.78478507876754
425455909103,467.32905012213973
425456898677,216.44019330493703
425480884585,625.3082796206888
425480909381,256.9504619520333
425481900775,503.03286258816445
425502883927,272.15445057303987
425573898656,246.30940720191145
425643882570,180.91372743891532
425726877337,98.7106542238003
425750907714,454.03426354815014
425759940527,518.4693518593311
425771846082,331.2429252202068
425847837619,210.88794241843505
425867846919,122.66769075745219
425891838765,154.616198370416
425891911907,330.38493867713913
425953877116,145.96883588514748
425991838371,131.3480102042221
426077909154,185.1516104483292
426196821761,204.73365263176984
426288881190,249.0341676890978
426349879207,266.54009047987535
426394882541,274.83142958359224
426422895136,316.7460214902976
426449843312,269.5970373913493
426477892004,387.8900673348647
426493839104,310.79563663869857
426494881594,246.5429073392579
426500879250,233.0258713541927
426546882417,218.83165732749944
426572910020,724.63583671912
426717881523,270.2084957624939
426734880850,295.6098829861987
426789842900,252.42824303312094
426801881093,229.60033131935455
426844894709,294.59336358306774
426867895980,363.2472102469854
426908817542,239.11918445603567
426919881420,103.25220129231577
426934833901,235.5478075111868
427023885231,1183.2969864716415
427030841893,248.12065426088157
427042881178,306.680232308172
427049843014,229.4845202134577
427062838050,233.41778641597273
427079894278,95.2612808750043
427091897096,280.75136105450434
427180819079,416.29069934641484
427187838123,312.3782499374505
427189841986,413.24512178503585
427216845104,552.4135494175072
427277843390,96.5721739004226
427304843098,256.9511103004601
427310842857,220.67817812815906
427388876700,248.24830943105462
427518839811,295.49209770338456
427613832811,152.01340472037495
427619885192,255.53194465634996
427638842210,235.78713982844172
427638844868,357.55092528053405
427669817533,547.563819909573
427699837447,191.9125103550314
427727844775,337.843544307026
427732822766,128.88435422364716
427739842576,296.68094546080266
427754842294,265.70130960393635
427766819555,479.7983903603541
427802832238,68.38887123460066
427817876548,279.31365889581457
427826840741,135.03955576206766
427862839606,143.41277560933375
427928890514,179.00178536107714
427957806470,415.8097857600334
427978844472,628.2024931370053
428005845114,284.2984312065533
428017845306,289.3510130488258
428073890506,286.3624923252167
428115806187,365.07013764987437
428215819099,509.0085718208941
428297846128,290.46852293823986
428305818336,521.5690781388246
428415844138,230.54710373330963
428455896654,258.5413040425928
428511895681,262.9335619451268
428645834929,182.4285063855782
428688882432,177.73599519977088
428693878790,232.04698408882732
428703881247,270.97567252937324
428751936958,475.1124571453745
428768935857,252.7381017429794
428776840097,175.83046540237393
428798844388,453.79157448221173
428842838190,122.5937178641558
428988935463,267.77422725799363
429086893371,215.37106418135298
429121837780,189.3757949192298
429154815473,503.149316635638
429165937144,222.0864830706104
429372877474,112.52035970905644
429414818655,332.5575014632547
429421877896,240.82827571834667
429426844878,444.15818882198846
429438936487,126.27900567414439
429441807163,173.47043624850176
429460936211,346.06959916269176
429646885466,177.95606531764247
429794877233,138.26346640454426
429814935840,288.667815901878
429869888178,269.04600169559933
430002885228,237.28414156343914
430046836601,215.45126825328546
430060877161,214.36372122961816
430284840776,192.63382260502974
430403822095,266.2738967937441
430453934152,330.65948469648174
430454843344,209.7622516138727
430486877047,116.85882809179428
430565896052,259.5796986374692
430694877293,222.0817930370775
430810832910,305.86577339736664
430894888242,182.4657023099469
431057882408,313.3044695518643
431075881754,234.5294346221581
431099892038,297.95076976768956
431138807802,499.92942689678995
431144888805,236.97726932352847
431161892581,305.08655495206136
431188831670,357.4413683007811
431297877644,93.14445692261695
431327878385,541.8799543995169
431333881841,237.28586311500672
431361833244,397.524247002174
431364878161,263.5606023188463
431369882520,164.76683403308417
431389894464,149.9852809249363
431391831285,357.4413683007811
431399891245,177.29169958073362
431460882308,271.97480020132326
431545901553,66.29022742650133
431579900174,472.6517378901036
431616831000,350.07593551059676
431764876644,217.04656646819666
431840812455,547.0228944522796
431908842284,81.92466128773854
431921877472,152.30187058658817
431958895769,223.88823515772035
431964900571,231.88987313257942
431976846851,448.01002985264745
431977825251,398.15584156906743
431982899274,103.26748446943357
432090842023,161.92920194219505
432344845561,205.39603580780903
432397845375,238.6063238904241
432471933576,87.32805175010934
432504808098,258.9946336726637
432610843398,215.2724515901627
432634847225,399.02246194176655
432686890497,259.4829894387798
432955893131,100.88793094164188
433038844123,157.87131545055178
433167829349,501.13435432582406
433272828499,262.5190225724
433372828774,253.45800339106384
433389828284,75.78447675778366
433406898774,81.2968560665166
433416817656,383.34384728533774
433462830592,258.1895105890302
433470830245,354.5928117851587
433590843691,484.32880848925515
433644830167,239.46212322952127
433648818518,329.6564069523171
433663876545,212.1118717310913
433727877656,297.09853208286205
433791830879,147.7571723497833
433796895527,326.0954266762684
433823836698,319.0740488384046
433907818920,267.65184245037335
433934878492,252.2139561077632
433951888750,282.10366780666965
434174913458,300.3750725011828
434199912814,140.14478146465444
434260895269,340.31065490523156
434304840646,245.33219056240685
434433880130,119.90069178056362
434446830172,87.35004988427677
434466840551,253.92519548428857
434485876092,209.97764692397897
434507821014,247.89493666208892
434548876160,161.23546757635543
434586840790,214.71223142244227
434635840311,239.94370504466883
434776877235,92.46448708130663
434777880088,157.495276294076
434818828333,450.6750001533021
434882828030,385.3407795660091
434961876071,281.5591642025304
435032876203,215.88099750244896
435092821271,229.04718644105037
435145813926,559.3290196333404
435187876009,86.03349088909816
435244831835,315.9717968739363
435248813652,386.3669796911437
435291820991,349.83480724698603
435377831924,203.83718046675614
435381831652,115.876647089003
435466831704,110.14797714108184
435507814118,540.1378758567761
435563815258,419.56049297714355
435702888055,239.885007504082
435707813885,432.89464937454926
435763833346,400.8447563178549
435913921242,374.8046910525269
435964833397,163.49921841034939
435994910894,311.8327109798844
436027832362,355.25064113030726
436055820697,182.7884343092571
436077833259,328.33137487393554
436093841101,152.6068260501549
436133832121,216.2726494552637
436227833558,264.46602089524225
436248831065,74.28016619072544
436262877251,90.22840516934579
436317832394,260.1879824636253
436324833365,392.31191980056434
436329829671,183.83825012618837
436370881455,223.29178176718477
436385881653,135.01214943286666
436391893650,278.3690385630387
436393878973,260.1586041992035
436427889016,277.17787589799354
436456889317,281.3996839457113
436460833287,298.20770967215935
436553833017,244.01348654661882
436585881245,179.9479576247116
436594880853,265.27511932362313
436600881705,178.80170122163787
436611876159,241.48509655267517
436615881558,134.24143138972426
436635881473,154.28546517480368
436736877249,196.7541244455583
436759833617,168.03489996534478
436815821637,246.98616278964153
436872831442,198.9960597046047
436883829693,164.80418371030342
436906910605,323.1776021396617
437003880103,200.8996089803185
437007815588,304.45293313799414
437098923293,250.3992519215456
437155829913,158.77016437606028
437220830119,408.5220178861843
437312880112,243.86507903049417
437379832124,293.04631830735286
437389830063,313.5629360816958
437506877433,104.19110584612851
437528829673,144.31352865351954
437614880116,307.55288416022944
437779832953,220.0950183593546
437783830194,503.5184947828588
437880877496,145.91082818995406
438178923402,127.72912215576237
438271885130,190.69487987227558
438339830166,235.06877402204972
438550833040,203.65466358817937
438572833175,84.00251670261525
438724830776,235.59487850721294
438732831148,273.08983553687926
438749903165,225.52066145356247
438840832698,96.13379876608286
438876831832,234.77259230787357
438922887635,305.96145912251836
438968888533,77.43294000734674
439019887458,275.7649473660892
439103841839,531.8397071308506
439207829361,346.39114414439337
439223833719,434.8177672469687
439335829570,218.04561384867844
439402877421,344.3481957128707
439524823105,254.7481752204239
439721893005,408.0973868130842
439818832822,188.5893626742151
439850831316,131.87712120708298
439858919529,272.3916364514554
439906831155,141.80696957989497
439940919467,178.48778761196965
439957830727,383.6005337945591
439986883137,260.84502074763736
439996883034,243.53571953129028
440001884214,289.5352807763469
440230883150,321.08096370088515
440300895123,546.2806952750212
440340884686,129.67750398314857
440363833770,272.84204816593075
440375884133,125.21439268481684
440436882949,273.68438116343674
440437831007,427.1171701082584
440455842733,182.09098674538302
440505917269,70.92509363559714
440509879873,207.88273615036445
440531918062,336.02008880507464
440551885142,152.42934261603554
440648884069,185.1596358300273
440779877280,75.3668428660692
440948917655,395.6086901198433
441078830539,526.7460632834957
441183877247,110.12300117087695
441205808213,177.61943932531355
441281894457,242.93848282720157
441405832612,193.08789075032712
441502877684,135.40636555199956
441524832707,199.698912490842
441541884154,511.9961710076513
441592876267,327.7165617124225
441593894246,376.04638430861786
441627899238,240.10977029644752
441630898770,87.86791987771755
441759833953,109.33018567640022
441795881232,311.65427952919435
441796833510,221.72033658422012
441826885917,268.0426331635262
441870887265,264.67358138413516
441879886485,271.7069785630767
441913833737,205.76321061080532
441916897774,266.6884053412968
441919899013,258.74026207474986
442001841963,300.8721305540113
442094879424,279.40868158441407
442181841991,171.03272614035112
442301879765,422.5569580633718
442364884754,435.4887818152184
442460874281,297.54610632376114
442470874133,264.1399353815477
442493908355,301.022382269833
442549922843,219.02950844627546
442583883340,187.45023691291337
442625879106,253.47063519046216
442650879899,84.29806910680283
442672879459,298.86542602159994
442689908495,224.1143379560762
442703884822,143.73091671618204
442754879899,84.29806910680283
442825879176,222.63433379816288
442829883756,305.9294419086656
442844874392,262.7938662673532
442847876359,251.16383719324043
442856880099,180.60418701752485
442943885153,157.69773773148233
443199882750,275.5836982574466
443246879681,305.7905388435614
443266891717,338.0580383373358
443313842447,197.83487751539855
443335882817,295.5064855571738
443336874283,242.6707174307584
443351850121,256.9289591167829
443407882841,274.1894926824341
443457879885,402.91180694001025
443494849016,290.34317644027544
443546849201,274.817857280704
443556850110,244.17839608958334
443626890643,120.76246581030628
443718850076,195.33918612689646
443758891002,261.99037342920366
443780891238,241.8348761512809
443860891690,280.36214814755823
443892850140,195.20427598844546
443910898399,213.1481915442147
443931891692,401.42442349367786
443946898635,268.3230867629666
444012891363,99.29815424233922
444035849014,295.34396369224913
444061850333,318.8816498244726
444062885699,405.58559885193796
444085898067,247.05025654708453
444167876502,258.6623296037615
444249884184,246.50377818519027
444282877070,227.45702506101836
444303899312,415.7208885586099
444312900333,246.80779736063153
444557897301,361.2861128787138
444595899102,147.05842962299627
444642896245,379.1105008554703
444645896936,272.1406730402386
444670889675,250.59821138467694
444710890299,274.39823014279466
444782849253,255.09130648981542
444789889958,333.67725260183073
444900849855,73.59071390840823
444925887972,282.5223319549431
445018849213,180.74594534113828
445212850050,231.77644405521482
445214849305,218.18734785147115
445462879901,198.4708913500199
445516877406,102.78941834169207
445625889547,306.8804619917228
445704848202,379.36439938264317
445734843805,188.85006373881063
445747845437,157.38739848144724
445777845359,230.5291956466702
445798813904,414.9264152543412
445829848719,303.06097679783517
445896880053,297.24156684056004
445901813613,432.1124250981047
445932845192,203.05840256309298
446019880103,110.88709041799875
446030848735,329.64181008038037
446039843641,191.9899877196492
446074813539,394.3822193065424
446154848761,278.3434446972953
446189813771,451.2597280751883
446281813445,404.69664749019626
446446885064,235.28071070654428
446648888100,514.4285795431477
446717845244,161.5248072779582
446802849036,194.15179452534946
446997848665,179.97454602355486
447011843917,157.3278585576868
447140884361,530.1780389428079
447176881851,332.3183796143848
447233848716,297.7297417803795
447309881616,251.33614592730007
447314881185,270.2128070189849
447334813705,319.53449097100037
447481842961,222.30387757983684
447593881244,257.09925782917134
447597881840,157.00211754510002
447602812400,211.44912535650533
447644880746,208.31823537432174
447790880876,207.30281984653945
447809882091,213.12720873319242
447817877421,192.36060811905412
447840813834,257.24076024513806
448057880893,173.27117508455495
448097854848,222.28476029007146
448103881663,269.77372949656666
448117884724,277.9939761233962
448118881954,312.9046473401837
448167877024,301.0530834207656
448177881228,271.8264244732128
448195882036,399.7799862481193
448246849754,232.81898585544653
448247881356,-146.4578148151123
448255812720,238.78716060501296
448470875115,464.3413223902677
448555881396,167.18010561871571
448604884573,155.55249693616116
448674900366,246.3630268240479
448746883984,647.1753036001676
448767882793,481.87015609578935
448889881978,227.82827421428655
448907880482,263.72655728817807
448922853422,452.0155729553317
448927877428,279.58758195693656
449027846403,109.33558978327083
449038875417,297.0820811023095
449082874608,243.1180800476233
449089881994,262.43013480025803
449134873611,72.62834543444244
449149901229,233.65764076720404
449150874320,270.02657556265115
449176882791,543.9213753382809
449203883085,408.518201718496
449232874548,421.68012318458085
449238882183,300.1012995012558
449255901582,538.583005629892
449269874146,233.11842674619746
449270853259,199.57506820959125
449274877200,320.737503416008
449305883130,383.150441632503
449309875290,335.8463759087224
449311882035,171.62575397617192
449386877244,276.5352359043625
449408882761,493.2098072418264
449453874566,337.0433393618391
449457880988,367.7890305656098
449467853289,189.10022277613066
449486877778,166.58663535898472
449530883175,476.3873380095517
449541874013,477.2336598882473
449563886118,243.29503912167544
449610900243,296.23559540982455
449747877065,234.31182659981687
449804876813,174.8113827620464
449811874475,406.13151982878355
449940874392,416.7982139610256
449986874615,349.4414273280419
449993873272,208.3667214129994
450045874298,461.74496151275247
450132873192,114.88807633259613
450181892814,176.21017116747393
450188840458,169.16459067877977
450202880892,159.35653670978206
450263892717,281.0188678282333
450264874603,305.82366046264406
450321874022,409.07067284411335
450325874216,512.8442777614649
450393873782,184.89951237313144
450480906566,294.4620451901257
450497872972,146.982200874997
450507892902,281.02673311597573
450545876613,306.55457471064886
450617883670,74.39016083832868
450663873902,279.0748557855668
450679882542,284.05290509322197
450742872934,226.7671455312493
450754883405,183.88470800644632
450788881508,213.05534363588941
450881876587,203.7225380399156
451110859016,246.3531304366589
451202882545,246.1613524801472
451215909908,455.25524861776495
451309858702,196.3409160306345
451356882155,236.6445128067464
451375854937,211.84020601034013
451526858053,683.913315408989
451565858833,255.82254823120223
451588877392,271.0248165395001
451671883820,343.0614906104781
451787904833,323.26750205828125
451884877215,187.85124670250823
451920858628,241.84085647261935
451951851374,94.1997292219748
452133875621,224.61890055284698
452283874359,411.3910305938137
452390879233,155.61086214611805
452405878940,272.0910484044755
452415847568,366.62815679298666
452489888808,297.89772494800525
452496846569,412.01937784306443
452601846464,486.69401757491056
452701847200,397.09601377353715
452711888796,248.2878667093475
452782847051,483.5343553883581
452843843045,380.0804676892204
453065859652,104.27593495083677
453084846668,407.719560029118
453084847584,400.00269731339165
453333848036,505.4728701769051
453430847503,395.8338630663899
453563846884,373.42781359958826
453563847369,385.70353491656215
453606850038,794.6095711561043
453634846267,352.7893036286261
453648848094,719.8215983192392
453716847985,419.51009309428895
453792847126,683.2043464439037
453796831022,257.1203734511526
453806831521,245.5473197064122
453819831142,160.3093552297466
453862831384,249.4586883982544
454015859491,300.52851004539735
454095847427,610.7775906737573
454278847712,304.16762798890676
454350843385,203.7238369829171
454385845934,526.2282929771626
454392847126,604.2305393047046
454468847789,387.06239494592404
454549846267,421.2424832630227
454573859694,215.9296550332002
454606857436,125.80756258106808
454621846884,444.1108510024097
454621847368,372.9116673639609
454646857059,239.77251492158592
454656857214,194.59170095392204
454663827524,282.8280195556647
454751847575,594.4099622511255
454752846678,597.2742972250861
454770827569,282.0583449356379
454776846086,346.8394960492968
454802828120,232.06992764987362
454956828167,293.0005116365835
454993845999,397.4852763976837
455012828298,387.519904374823
455015830073,386.8692120163007
455025846874,595.2283436722571
455025847377,599.7294414884809
455027840926,98.89963935817362
455073828614,384.93680889805216
455111857443,235.6680667440556
455115880054,174.4869541022723
455118845636,472.1685990277981
455130828281,221.2218828237766
455243845033,537.3568885072224
455277847126,524.438350744374
455299846678,596.8651065145203
455299847573,597.2742972250861
455308845816,244.5177031812278
455424845954,200.6182085625703
455444857596,353.50881114876995
455452846528,419.8437648861183
455473846852,525.6659228760715
455475847401,667.2459087318375
455519859848,319.41684944036683
455547847758,430.9947192024458
455558858622,229.04270155985205
455604857791,214.56035716822504
455620858720,221.4260909472758
455628857542,249.3573481211119
455651847843,433.3315014740133
455683828695,247.36652200525174
455688857945,332.30187280500127
455709846652,683.6135371544694
455812858695,329.61397221645325
455831847686,483.2009801323861
455863846956,543.2611234304007
455866847295,605.0489207258363
455891846550,659.9251599642565
455903859248,360.596805322463
455912847626,556.7032127160695
455926857099,86.01532678505507
455964858587,353.43630388497405
456068846454,932.7327221408243
456068860569,253.2451865596366
456072857539,270.8200461894761
456088859827,510.6555114474959
456090845939,246.21283279653355
456091846067,204.78569400215434
456107846341,1239.239744647041
456117859048,395.5917158873873
456123847690,526.9469773565392
456128857683,232.33154846586422
456134857721,227.7839391326157
456137858772,197.91035158974677
456142860737,294.4367924812069
456164860019,399.73748279438723
456271860311,373.1653461003408
456309860103,286.8900065150882
456324857422,311.85857944309896
456327858011,307.1270590615155
456340828676,324.31669318184504
456382846115,282.2649779399091
456414859736,394.77843531430375
456426857773,512.0282522017505
456438845578,207.24516363105138
456498859393,291.4379819910549
456499858480,433.2165984804366
456519857580,118.24249650606708
456521859735,391.24390172495055
456593859637,259.392653938061
456595859403,289.1251504109953
456601846299,204.0613932393376
456606859081,333.5410358767068
456609847265,185.16986145706127
456617859223,271.72469068349176
456718860123,375.0898303058457
456719829265,498.1055582716481
456720845606,208.04495784862442
456731846005,211.26605986402404
456731857548,235.85069129731866
456733858497,267.9557112155155
456746859447,291.1813612115153
456872860401,267.5941427743649
456903847203,283.082785127306
456943847390,262.62767793274134
457072826841,96.662828096311
457128858529,306.79056544172334
457211845904,224.985012574592
457218846060,310.1882691133095
457224847384,304.94487805746513
457236857615,282.5499217123305
457278860862,82.37251502768504
457309854380,583.2548546710144
457372857343,292.31286620602896
457587860316,252.46259604157754
457672859189,242.93963359853674
457714858845,220.15370235285795
457786860078,324.85365633591806
457791856417,200.97726849792605
457797852711,294.7581749171044
457803856600,318.31277981611544
457817857316,249.0425228996473
457819858766,258.3427053688808
457885858717,99.61731319664824
457944857128,153.36315059881576
458002858600,299.8862306895409
458122855863,228.2521225520839
458293845246,536.4000135556691
458300856685,219.25505431140408
458490844768,73.15832295187046
458656856293,325.1413331363481
458694857175,205.44268757327302
458732857936,237.65913666643712
459548827498,458.992814266085
459631860394,236.62994311192728
459702856515,107.03084901054513
459795857143,391.7164265733678
459892856645,203.87302785596864
459910856415,274.49708990317646
460153860360,280.48893990961534
460176835011,247.37090410030422
460215860550,246.5313926150345
460237856340,423.12720422564655
460238860759,371.3134718719191
460260859877,328.90664507502623
460275827318,158.7742925044092
460275860932,244.70636715384038
460389816704,171.3412513429652
460389860521,310.0406219435354
460604856457,345.19641007612165
460634860025,252.53908635693557
460645860657,333.5955990605631
460691860773,349.6897957566419
460696860378,356.47319957251926
460838860447,323.85238054764784
460951860113,396.27112690269314
461026860548,237.54294483512314
461079860990,170.8266035325036
461174860932,270.64836118674447
461215857390,172.1984855205486
461274812865,284.41547550842233
461399862650,283.7729413144192
461516816845,402.22920121384146
461541862338,260.53549334531857
461569854443,250.75150388291195
461571860286,219.49240644884006
461657860646,341.6895089933374
461969838603,316.74924011455585
462381858921,409.4331093704426
462436852308,155.8327476622374
462449859772,517.3716184846947
462478852026,386.9456137931713
462484856343,235.42877400061806
462579856697,420.04179380775696
462630852613,329.81546620358586
462642851988,282.5167348094941
462651851373,342.87523356130447
462672850924,588.0749531715813
462687859280,438.71481074253194
462869858092,539.7609666788882
462917834023,181.11432400186604
463025833513,166.08688817505003
463054861285,296.96693247523734
463081862192,262.5156431899389
463373722955,242.6069179141076
463391861996,242.59717131779834
463502860232,264.03881114208554
463610855142,238.79394130545165
463792833819,129.97278116435936
463794840554,72.1382168955504
463973862172,145.80417506113926
464009841405,256.0018699422523
464094841264,127.51375972255497
464136856056,269.8677280035116
464153860723,164.37256223256205
464230831954,285.7338187021622
464426843969,104.94316062409965
464553862669,259.9327529788719
464664917828,219.63441976117872
464749861069,158.8212509246962
464770844147,218.0467062851067
464979859928,347.54716785016416
465007917235,277.672529712695
465110861452,391.09314124227296
465145858847,269.6605767530126
465164917190,221.89246286506878
465315856556,229.43428094992177
465322857556,210.54850477868123
465345860455,267.56016302660595
465467917310,89.21092435039044
465494860756,237.0071887505926
465693845170,287.81265508454175
465760859022,157.03448227669887
465810846750,73.2493058678085
465816847482,275.4900940023695
465851860023,330.67754809213403
465864858282,413.048986561176
465989860739,213.6550339167362
466026847534,227.2319202974188
466280859160,192.7283843219987
466353850183,152.19816444321557
466430852148,252.62969469791167
466438858981,316.7556464986777
466470846865,181.5032954467101
466525859465,133.8816767391653
466530844541,208.87132726556484
466609860764,204.74140186499753
466676842412,259.2914995185848
466762838797,228.00899247839303
466773844847,257.5286875480263
466821845960,318.7864418548991
466827859200,305.07250725166864
466831847119,225.8061232989743
466835841952,267.8894137994768
466846856516,236.03650633822463
466864846013,259.28327021589945
466953855491,384.8902503347781
467005846613,265.92377770394614
467026846234,254.86291619990345
467051843583,-170.22005040573075
467073846778,310.07585663183073
467110839102,187.59367490219375
467130848917,223.00914830092196
467140847442,292.90691322372817
467157838988,298.55719351381003
467179843335,342.57938452290114
467184852520,313.2046201253875
467209844309,317.584549549947
467211833944,206.17651682351283
467213846117,384.31540422087073
467214859948,242.6011197476405
467256826371,222.13864826607292
467257853217,236.86262037038514
467315844084,172.2799585014579
467363843809,193.95948480154672
467365843855,190.46476224720283
467372846115,260.55133547480733
467384845362,298.33888324970104
467398860539,286.12672892133867
467412729257,195.56960887867413
467436847200,232.8230035068978
467458848767,265.9051224218413
467478846181,295.26806364542614
467484858955,152.28898853301152
467501847572,216.92665976638207
467509858801,182.3330299392493
467517847994,296.09038727580884
467573847087,283.85354804183254
467591848839,212.7881409724081
467629839905,242.32070307387434
467641837286,256.6025050265797
467646855046,268.46786836526996
467660834322,65.0082766172195
467672843312,65.81191158277471
467672859205,254.63241299099846
467723737455,344.54887982100945
467740860719,160.38606146693743
467781917252,303.8099603818446
467872762697,222.73558360946288
467914858761,275.51137443576545
467926763157,322.40992987437915
467944845569,206.13883242450902
468016755581,266.4919251641014
468123850112,358.3919875495841
468147835702,233.06675052133448
468147838667,247.15943084751058
468162839948,179.19612199252455
468189859169,290.4652415707346
468224760430,171.9593866046826
468258848497,229.98009215507633
468346860742,219.84251050893494
468351845926,253.96651315472133
468361843080,230.14872062208707
468364844046,93.83941195847723
468457860303,260.6752693581037
468482842165,305.0224953341149
468490842935,321.38442480089816
468490842994,189.08673692686946
468496859265,177.11188143154882
468503766568,262.84879489365784
468505807313,477.17820569390597
468510849638,98.46393615997232
468527843143,197.96731898780695
468576859224,297.66080347898315
468577846468,240.66989081586726
468579846546,226.93544401046634
468599745513,297.00712808968547
468636826602,66.48460598822851
468660851184,253.36769214583305
468668843086,352.43612152397634
468683842076,251.81692098251023
468717732719,406.299214484929
468724847857,266.239783702852
468734854390,221.11926939369192
468748834525,308.8771033915621
468753860560,258.53781579506773
468768857373,208.40912610301262
468776836743,212.97385747748555
468844847798,312.93464894683916
468855846039,225.44733415391275
468881860793,207.1012158430516
468882843107,364.4976444902258
468924842796,312.9545996392041
468951845814,228.0769687752922
468955843937,308.32265370855635
468999846221,291.35671836629666
469009860597,210.50662538031835
469019846736,288.6849011016493
469060847228,57.10396696039502
469101843166,312.5971927134337
469107845996,155.8718412127169
469115843283,130.05076516212443
469122845917,244.29393855167132
469252846617,345.32183542086983
469252846782,316.9009233960483
469257844102,143.56833686901788
469257858683,375.84581178590946
469262842724,275.7290480962277
469262844027,321.74620869733184
469268846120,170.20436284758745
469276843875,230.432730800379
469285843214,225.73023718874384
469298847206,226.14969722767734
469389859800,242.6587049017601
469414846471,434.0640111629312
469425845951,285.6726936730988
469462860189,294.9018453351485
469494843274,216.24799520882925
469497846627,248.1669868776336
469593842699,280.5936377874698
469595859626,385.94886893634435
469621842235,293.74845419041543
469626846619,303.46006732488985
469628846407,262.48866174743654
469631843910,98.06937732586988
469639847254,287.63137121680927
469675860482,271.34140991947515
469679844090,355.37280560090244
469713857945,256.0914958497129
469733843888,344.0287122087265
469740857539,323.7437351044362
469765843085,217.2150862097411
469783840933,223.31148037275793
469797842161,349.1580351127235
469855852224,245.3923878099493
469877846438,449.6309675437041
469915836769,197.9111158923707
469937843893,257.242965098951
470022846911,277.5608566265201
470028846002,268.51510503699774
470056844162,401.47808094701645
470056846683,546.9978459245589
470084843777,441.1132834585458
470095841153,215.0887248666397
470235843168,145.18015376621173
470243847356,174.13498849706804
470254843682,270.73166748817664
470256842427,184.28778728669306
470329844371,479.50934423915
470383916364,144.81874288340188
470387843861,307.430150677146
470395854420,243.25764605312145
470403846196,349.9116017396359
470410845397,51.31703265929196
470416850025,267.7588854207788
470468843631,268.0551876851946
470475846920,340.00732735503476
470524848560,251.82245032675795
470527859222,206.68007106983444
470584858550,253.8791690096962
470606860557,133.20352809735846
470617849235,252.39413312205687
470618858984,188.32350567297522
470632848637,221.19874075112236
470634848837,251.82854149185175
470641847345,249.2754699156622
470666761048,99.68832552126607
470668844066,298.21109121945113
470751844099,484.1295501434332
470757846605,222.55672858647713
470764847129,299.16874816543447
470766847315,316.66223991648883
470783845376,452.9641624951138
470800857899,419.39590155517214
470837860781,308.5949104957658
470842846795,210.76797405493124
470897846572,116.85793686157797
470981846516,61.11731061339788
470991844185,352.80900305895256
470994847920,184.09549546254402
471068915912,266.8822729147799
471114847480,271.3190253533217
471132845883,112.54285927125599
471135844199,220.50757206836698
471146847999,275.19112173698966
471193855269,191.53398665845427
471196847901,252.60241645563548
471204853430,318.40318404891565
471236827938,270.19090695836553
471248843651,686.6344770035791
471250843708,225.25747074724177
471251860591,125.84302900155421
471339845950,329.04848410533305
471352847150,379.0077443582636
471353848655,246.84621222659774
471365849343,310.1066522864008
471393842938,239.79551943808931
471420842810,222.97233152816543
471480827819,55.49740913540884
471518846263,154.26906655983652
471518848902,141.69851266130354
471594847174,243.55710368137616
471728845075,387.35101801811874
471732851443,264.51815780660866
471737847519,414.7574711767607
471754846878,246.69629899194334
471755846928,279.0607665453456
471757846577,220.06534319023976
471757847212,263.24406547051046
471764846258,166.28960021554704
471779845382,448.00452982511916
471873846470,222.07458542024995
471912847894,243.5723965073936
471917846657,213.0924027381302
471946851045,299.3756853504272
472083846706,275.26021249796844
472111848391,228.31751843995116
472115846823,300.22535187825514
472123842911,216.30465863957951
472135845975,303.80293861952055
472158856869,261.9286863148312
472183851003,133.60818345027616
472256860611,152.33794566816613
472266843934,264.50069033023425
472266844141,351.31575120409366
472267842964,245.22826445230044
472273846021,228.85911833255133
472297845937,296.7647643616285
472299846360,384.2487416661329
472326847252,324.0980522225213
472338846612,253.07391254798068
472412860307,236.97489621723577
472427850630,407.6677544450521
472456843213,293.5354852625226
472459844353,430.2538094783498
472499847241,217.9141090058303
472507843691,326.13132009087866
472507846185,220.04560438510197
472512847172,256.4247684608977
472519846840,362.23133370192187
472526727194,178.04463811279777
472547850884,314.72537782362576
472639846368,114.87813398468543
472640844849,459.07407380811213
472649847317,297.4054091888508
472659845384,133.88819671932922
472677848011,265.7917301540036
472683850197,554.9468794833565
472705849068,270.6544885646286
472719846479,270.8915156647084
472803843210,197.9710740958523
472808847179,263.5896397302526
472821849075,206.62174987027154
472880847430,273.38048603126856
472905846145,513.9276519643291
472921828838,235.74878356933073
472933860590,209.8648292509075
472941860183,387.82716637474743
472957809160,319.32988020479394
473024824458,132.5882049703494
473025843826,252.75529109876925
473028847123,201.47989879199025
473065842951,349.6325937495163
473092847307,120.40409476788268
473121830045,255.66408028511702
473165727570,166.95820409303727
473185829708,239.09477024748594
473234860140,251.92046339283308
473252860179,343.2056870469145
473254827931,369.89009169070135
473285794451,336.94546922462166
473330772865,259.1002711693934
473333914129,279.4400093645685
473407825665,231.7480741650426
473444832205,381.8828650315608
473501843618,367.9022675988712
473519843970,275.86517644349004
473523844780,483.34954081949246
473631842080,212.41997257157342
473654832435,164.7177300942598
473663844568,249.01955561558032
473672844773,233.87485472987134
473677844512,239.73432436053375
473703841173,157.90878708272712
473724840027,320.50886917405927
473783841958,193.12542994806682
473795843269,380.58712028878733
473796813217,255.67143585312274
473808844602,240.78926636807552
473812843577,301.2763771437237
473914720897,342.08964851592003
473920862191,259.94814415238267
473982833569,287.9397581475352
473999843952,294.56987983465285
474052843605,234.3048061052544
474074833300,263.1850924438739
474128861207,324.7111629363643
474181844170,344.2395524187788
474201845954,305.8039938231734
474232715973,135.74280116064503
474232841102,247.996525746993
474243840473,98.4728138914782
474253834160,202.012328004379
474277813981,316.6142584251629
474315856930,315.94980793469216
474325843990,194.22591679606327
474333842039,237.81521010690514
474333842160,236.58763797520774
474347847705,167.4473006110401
474359857188,217.0763073915916
474379846147,265.89138628330903
474405846605,164.33843779490644
474424728361,310.69325104713243
474435863309,220.59092131307588
474437841910,283.9500251171226
474477834354,216.2044007432378
474512915540,253.290382155071
474517716407,233.07718292314976
474584863337,267.64785302814266
474608916272,245.13644376315852
474613727005,329.3971561028696
474631856718,211.677920466995
474640728348,272.80105718571
474649846634,396.30681927258564
474655852985,206.9613869096175
474717809034,313.1084678212863
474721847458,325.0133288821999
474762816235,242.10321434566043
474772844546,208.57989253118967
474799846696,298.07400967503366
474823746910,470.11224936927937
474831843585,244.4191363074966
474870842674,251.16994994033996
474880915329,105.27558862898796
474923728147,423.53698108038924
475041849840,96.04539431098989
475052846302,208.9829032052925
475090844558,320.12841409453165
475132855277,267.7083174987988
475197914051,277.9870940609616
475205863153,147.8863951462915
475428839425,134.78823622227972
475452842121,337.6121218237257
475486846911,231.46408682138727
475630745939,297.8769327568311
475631847814,358.1380689256371
475675840401,304.1114962091865
475698855967,216.31086080292212
475732813733,455.11001491726273
475741846832,247.24575740884205
475762846112,282.90496548590124
475789846525,164.40129305817428
475823842270,605.5072417526154
475842811614,177.75489661719712
475851847585,371.95380895536516
475866842395,285.86794888713644
475922846000,264.929768975058
475927840421,382.18882840078425
475935840258,278.3502643553575
475984840923,96.89875883897946
475989834169,270.4346898485947
476060821768,310.27445532124597
476093843519,330.4013896810688
476105811096,304.04171678142603
476116847269,207.52036785903366
476125833960,278.36801710879786
476141852881,317.42602096781866
476175840917,125.75661773726853
476177833534,272.87448143017326
476230843444,347.8404859887334
476276833516,306.8161386431532
476334844783,414.5416815299439
476345848029,428.1294605562966
476349846644,392.2525178436823
476409846684,242.24333960146993
476411841001,286.1703825198534
476448845955,209.44214291010192
476460833455,239.84834461835302
476463846774,134.90066787979552
476473844193,265.2924949308759
476481846019,383.3891933573607
476519845703,268.7005649925642
476556842552,123.28827747144986
476577833822,313.84861829426825
476594843835,286.3152456626169
476594855893,265.3294954102849
476609846441,399.6853963959153
476657847365,298.54304591846005
476741913828,119.5689650514505
476745841680,374.3819385903783
476844844159,291.15182877252005
476865831523,303.1267190144697
476880832681,208.24423639562127
476930847599,251.37448182391228
477140842075,429.8955192552232
477165821078,322.97683559525444
477290847734,309.0053348950166
477308848159,86.55218994621791
477392845033,245.80231958527344
477398810178,192.89823880122512
477401803182,91.3638238923595
477511804069,211.33962249940396
477592845827,301.2514147086249
477596863065,273.48928616007527
477685842086,59.45356016396569
477752842766,292.9517936218575
477784841934,329.4637962330611
477868842796,323.33950353331034
477969846943,140.91488664261618
478057838712,286.7678189878043
478057844523,320.2691574169907
478139844826,461.8252223266826
478155842692,429.7897856105538
478172845040,1069.281857213287
478311744426,94.48412750981409
478323844634,363.4796325991904
478337841845,253.0499782027971
478339845065,267.9595359937865
478352843891,392.9724040886594
478467812680,240.5069188836547
478477853095,240.8623138641774
478485821080,216.83866611027372
478512825227,175.6988756492992
478590864566,320.147341048995
478643845227,179.61012484384227
478684807084,268.18760422213506
478703844185,126.87660254307974
478766861132,248.42634267854478
478792841854,446.50081311127815
478795806963,235.94644020944006
478804842214,291.4951548825885
478812842060,255.51483158922372
478818860271,135.71618127647014
478992842631,361.1298118121996
479079840456,362.9498830449266
479216741777,240.25892777127643
479234864508,422.7106793941689
479387844806,254.96051726964143
479483742620,147.0078584614982
479579849595,255.53597635443083
479592844795,294.39267682430443
479605852191,279.27631728823326
479636852488,195.54699943450606
479663842483,366.9427335415793
479817862048,234.20158343376735
479881840416,170.7884215680791
479964843008,398.9682988008666
480043868489,509.75039313239375
480109847650,358.73578494715844
480132844493,200.30335993233012
480282845602,320.76062653140434
480293849473,342.5402995161916
480305863662,502.17153515885826
480316836741,461.2283103482656
480386843620,263.87870190075296
480419845758,405.3617007921153
480441841131,272.01608207050873
480453843720,88.1870525122973
480464841749,258.5175641281321
480527843883,300.8941507384661
480539837043,387.09683009046654
480637845743,217.65214014712885
480653845076,180.2649339339156
480665840817,105.07367888873213
480699841894,196.41738798682366
480761835316,281.2408521488777
480766841695,249.85969294184554
480919841422,289.21964637831485
480941830595,263.907452097119
481085844680,224.79152246523967
481093850482,146.44720504524346
481125799862,300.2964136491703
481162841402,527.4999759498731
481168817512,194.71671557740274
481227843559,359.39533980981724
481332844477,90.39480520141936
481727826303,206.8865878772655
481782843948,345.36004771089193
481837841266,350.1615807442579
481871841344,467.95677118749063
481873836015,317.0026172883638
482272838733,539.5754112005386
482314841892,495.8454113171106
482425839324,669.1462113325722
482599841590,516.433297352111
482662838318,529.8976770852673
482812839478,530.7539004415767
482840845549,267.691954328083
482987844573,532.6863997019805
483021837990,497.92163825119593
483277744387,268.3230332654118
483382794796,396.7195003126476
483472838933,294.33312174317217
483480840182,549.1032217823926
483618838423,544.3019944600529
483632843504,354.81328715225425
483670840509,252.69411775903043
483809853957,349.3205357590469
483843824999,302.6721059809706
484022839520,553.9202189596069
484094821157,272.8008621465127
484197840161,418.0676082447537
484325838613,471.67413137996107
484363845226,282.59494179907716
484514852054,200.13733934779177
484627838402,511.663642477288
484650846387,435.3615205108138
484869842548,547.5096148052054
484913843273,-281.28572342553844
484914844252,543.6921987772871
484962836934,218.39083371122132
485063838700,518.9735698926473
485219837418,452.26863930901385
485420852844,241.9226057992354
485438837640,307.64336377198754
485466838631,496.9181884107778
485521838904,314.0689108810602
485545839368,581.4042224723459
485569841928,-415.8135752571219
485577842162,549.6732229981726
485596837889,226.1284235590041
485597840707,-8.467548816234743
485895838764,549.8344522504464
486033853027,219.14648893203
486102839500,472.3799599529267
486133841657,-864.7633077349658
486295841846,515.0124603810323
486310846857,492.0094139113291
486353839586,509.44736077386204
486411839332,282.7717733398689
486458840143,328.2558365819648
486497804919,357.3858879143181
486815839826,427.3908993022809
486819839647,219.3698232942701
487087837721,412.62485813132685
487453838430,346.62214262876824
487540845116,323.5446883004889
487568838391,418.3676159541049
487674845844,261.1723633802699
488149802119,598.642027569302
488258838322,410.80336928755224
488309844505,425.01801405026714
488629844895,368.50884122073165
488695837002,196.00120932447268
488743839652,-37745.39327562479
488787805340,181.50603985184827
488870844116,419.9516041503399
489036839673,339.3214713845154
489046840013,503.5991666033557
490021845050,466.9928969973907
490402843258,429.8530422481857
490550836477,126.57654881263774
490594837540,212.96330045499593
490622839852,595.1051770108087
490692838767,223.1096161108838
491122835596,498.0123524513116
491163798573,186.62792779200566
491477857221,333.10987124374304
491535832054,202.9005297887187
492025835124,212.8359460938139
492157865909,152.2840831324856
492325848741,242.97956932683275
493121867034,226.6310715368053
493267866420,266.67417110383957
494260841247,94.6764745287023
494303867546,255.26391892821127
494559831639,278.4840944060437
494655831927,363.126555771432
494662868058,159.45353354207518
494987839720,223.23641368335922
495130851316,437.46633824959554
495363851581,310.1263260135009
495410851059,459.6048439036538
495685852758,311.01378152701363
495689836239,192.50592037491174
495888836403,332.20254523829345
496795871774,264.72300083925126
497138845860,230.11625810783207
499081837203,373.3824148710779
499368857861,325.04611520383673
500202847456,288.35876314142735
500419870904,310.13350687442914
500664852250,232.83567182700028
500822836634,258.2561688980668
501139833635,213.24857992430265
501168848622,452.8986193485897
501568859872,264.35113761551554
502088862310,202.84541132671845
503070860580,286.4601434003586
503154842425,355.90148717391077
503945872621,269.94715320234
504860862692,96.40033047981125
504988861917,319.81114001627196
504989861433,270.4070460164148
505189862169,301.8681103239163
506050860305,255.24991266917507
506749862057,238.43565787399987
506955849472,330.88472566075274
507331863675,252.64735817288326
507412859446,307.2668884739802
507500845586,284.0539349755927
509293853909,172.02514632048374
511216849197,281.62138985549325
999000000119,644.252592547807
999000000131,426.4645149482229
999000000134,202.60456158417966
999000000136,454.74230912450776
999000000137,202.64006606822568
999000000139,178.10890117845548
999000000165,266.8859600334165
999000000173,538.8981879992773
999000000185,220.7096603693885
999000000192,341.7415869401751
999000000227,460.3185813918556
999000000230,237.03592203847913
999000000238,442.3246798095052
999000000240,507.7844158122869
999000000244,469.27754081388815
999000000280,114.70536307304586
999000000283,608.871414278333
999000000284,345.74290014132805
999000000285,456.0171477849822
999000000287,504.0201586734502
999000000296,366.43218748258795
999000000307,350.93387481578105
999000000309,528.0022939628169
999000000312,363.3192725916818
999000000320,347.42131670944116
999000000322,459.08844265961244
999000000332,294.8136382722327
999000000360,326.06864940509695
999000000387,240.14094151220544
999000000396,280.10947103687823
999000000402,310.3113452987332
999000000407,273.9015521970867
999000000409,285.06830477112265
999000000410,266.49230695131706
999000000426,282.92037566137645
999000000494,629.8290420690946
999000000495,527.7767120027833
999000000496,1221.9122694073947
999000000497,582.7610956257964
