,Census.Tract.GEOID,BUILDING.ID,BUILDING.ADDRESS,CARBON.DIOXIDE.EMISSIONS,COMPLIANCE.STATUS,X.DIFFERENCE.SOURCE.EUI,X.DIFFERENCE.SITE.EUI,ENERGY.STAR.SCORE,ENERGY.STAR.CERTIFICATION.ELIGIBILITY,ENERGY.STAR.CERTIFICATION.LAST.APPROVAL.DATE,ENERGY.STAR.CERTIFICATION.YEARS.CERTIFIED,ENTITY.RESPONSIBLE.FOR.BENCHMARK,GROSS.BUILDING.FLOOR.AREA,INDOOR.WATER.USE,INDOOR.WATER.USE.INTENSITY,NUMBER.OF.BUILDINGS,OCCUPANCY,OUTDOOR.WATER.USE,POSTAL.CODE,PROGRAM.YEAR,PROPERTY.TYPE,SITE.EUI,Source.EUI,TOTAL.WATER.USE,WEATHER.NORMALIZED.SITE.EUI,WEATHER.NORMALIZED.SOURCE.EUI,YEAR.BUILT,AIN,LADBS.Building.Category,CityOwned,Building.Wave,Longitude,Latitude,CES.Score,CES.Score.Percentile,Disadvantaged.Community,building.type,year.built..year.,floor_area,baseline.annual.site.energy.use.intensity..kWh.m2.,floor_area_2,predicted_cooling_capacity_tons
0,6037101300.0,478669911672,6540 FOOTHILL BLVD,82.7,1,-32.0,-32.0,,0.0,,Not Available,"Specialized Realty, Inc.",21456.0,,,1.0,95.0,,91042,2018,Retail Store,54.7,153.2,412.2,52.5,146.9,2003.0,037,"20,000 to 49,999",0,2,-118.27463,34.245697,19.059881523391898,35.9313910959768,0.0,Retail,1990s,21456,54.7,460359936,1.0706129999999998
3,6037103102.0,466703917206,8325 FOOTHILL BLVD,267.9,1,134.1,134.1,,0.0,,Not Available,The Rodin Company,31340.0,,,3.0,90.0,,91040,2018,Retail Store,135.0,281.0,1574.6,135.0,281.0,1981.0,023,"20,000 to 49,999",0,4,-118.31432,34.259693,22.4682147848603,44.1039223105057,0.0,Retail,1980s,31340,135.0,982195600,5.867758
6,6037104320.0,999000000286,13500 W PAXTON ST,591.2,1,-14.9,-14.9,65.0,0.0,,Not Available,"Conservice, LLC",175000.0,,,1.0,95.0,,91331,2019,Retail Store,54.9,118.9,2.8,54.9,118.6,2010.0,012,"100,000+",0,4,-118.42657,34.273379999999996,58.0321411542119,95.35880943372429,1.0,Retail,1990s,175000,54.9,30625000000,3.3470089999999995
11,6037104320.0,999000000128,13510 PAXTON ST,185.0,1,12.9,12.9,37.0,0.0,,Not Available,Best Buy,45650.0,1528.0,33.47,1.0,100.0,,91331,2018,Retail Store,57.9,159.4,1528.0,55.6,152.8,2010.0,019,"20,000 to 49,999",0,5,-118.42671999999999,34.273270000000004,58.0321411542119,95.35880943372429,1.0,Retail,1990s,45650,57.9,2083922500,1.4424290000000002
14,6037109500.0,429751923699,13938 FOX ST,73.5,1,-51.1,-51.1,89.0,0.0,,Not Available,Marketable Engineered Projects LLC dba Maximum Energy Professionals,34282.0,32.2,0.94,1.0,100.0,,91340,2018,Office,34.6,67.1,127.9,,,1990.0,023,"20,000 to 49,999",0,5,-118.437325,34.277992,48.8419402451212,87.7033673855467,1.0,Office,1990s,34282,34.6,1175255524,8.615126
17,6037113212.0,381005916882,21415 DEVONSHIRE ST,475.2,0,80.6,80.6,5.0,0.0,,Not Available,"Vert Energy Group, Inc.",67842.0,,,1.0,100.0,,91311,2019,Retail Store,105.5,252.2,2042.2,105.5,252.2,1961.0,103,"20,000 to 49,999",0,2,-118.597595,34.25724,20.8143670994107,40.3077311136335,0.0,Retail,1960s,67842,105.5,4602536964,5.383948999999999
20,6037113234.0,382281907913,9000 ETON AVE,32.5,0,-78.7,-78.7,100.0,0.0,,Not Available,Schneider Electric,41160.0,,,1.0,90.0,,91304,2019,Office,11.2,31.3,0.5,10.4,29.1,2000.0,027,"20,000 to 49,999",0,2,-118.593956,34.23395,35.388249938414795,69.16382898221721,0.0,Office,1990s,41160,11.2,1694145600,6.512487999999999
23,6037113234.0,382270908470,21122 NORDHOFF ST,12.2,0,-97.3,-97.3,100.0,0.0,,Not Available,Schneider Electric,98370.0,,,1.0,90.0,,91311,2019,Office,1.8,4.9,218.4,1.8,4.9,2000.0,038,"20,000 to 49,999",0,1,-118.59296,34.235455,35.388249938414795,69.16382898221721,0.0,Office,1990s,98370,1.8,9676656900,9.308167999999998
26,6037113237.0,382166909827,9232 ETON AVE,37.8,0,-49.7,-49.7,89.0,0.0,,Not Available,Schneider Electric,21984.0,,,1.0,90.0,,91311,2019,Office,24.4,68.4,0.3,24.4,68.4,2000.0,010,"20,000 to 49,999",0,4,-118.594406,34.238453,23.3071981901833,45.8569807037457,0.0,Office,1990s,21984,24.4,483296256,6.4938709999999995
29,6037113237.0,381840910625,9350 ETON AVE,76.1,1,2.9,2.9,47.0,0.0,,Not Available,Schneider Electric,21825.0,,,1.0,90.0,,91311,2018,Office,49.5,138.7,450.8,48.8,136.7,2000.0,016,"20,000 to 49,999",0,3,-118.595345,34.24062,23.3071981901833,45.8569807037457,0.0,Office,1990s,21825,49.5,476330625,9.432651
32,6037113237.0,381330910169,9309 DEERING AVE,84.1,1,-4.9,-4.9,53.0,0.0,,Not Available,Schneider Electric ESS,25672.0,,,1.0,90.0,,91311,2018,Office,46.5,130.2,292.7,45.5,127.3,2000.0,023,"20,000 to 49,999",0,5,-118.59608500000002,34.239185,23.3071981901833,45.8569807037457,0.0,Office,1990s,25672,46.5,659051584,9.401434
35,6037113237.0,381320910314,9327 DEERING AVE,75.3,1,-4.2,-4.2,53.0,0.0,,Not Available,Schneider Electric ESS,23079.0,,,1.0,90.0,,91311,2018,Office,46.3,129.7,255.0,45.3,126.9,2000.0,022,"20,000 to 49,999",0,3,-118.59608500000002,34.239468,23.3071981901833,45.8569807037457,0.0,Office,1990s,23079,46.3,532640241,9.115422
38,6037113237.0,381339909702,9223 DEERING AVE,101.7,1,-24.4,-24.4,69.0,0.0,,Not Available,Schneider Electric,37169.0,,,1.0,90.0,,91311,2018,Office,38.8,108.8,727.0,38.2,107.1,2000.0,048,"20,000 to 49,999",0,2,-118.59608500000002,34.237827,23.3071981901833,45.8569807037457,0.0,Office,1990s,37169,38.8,1381534561,9.448506
41,6037113301.0,394040910048,9301 TAMPA AVE,634.3,1,-36.8,-36.8,80.0,0.0,2014-06-19,2014,JCPenney,230787.0,1729.7,7.49,1.0,100.0,,91324,2016,Retail Store,36.3,113.7,2611.8,36.3,113.7,1995.0,004,"100,000+",0,5,-118.55357,34.239403,30.6186291580006,60.688611426409395,0.0,Retail,1990s,230787,36.3,53262639369,2.937908
42,6037113303.0,383603911046,9445 DE SOTO AVE,85.4,1,-43.1,-43.1,86.0,1.0,,Not Available,Triad Management Systems Inc.,46250.0,,,1.0,90.0,,91311,2018,Office,26.3,73.3,653.8,25.1,69.9,1991.0,013,"20,000 to 49,999",0,4,-118.58855,34.241737,24.2674311313876,48.366754950182894,0.0,Office,1990s,46250,26.3,2139062500,8.581881
45,6037113401.0,392323906596,8800 CORBIN AVE,233.1,0,-16.5,-16.5,66.0,0.0,,Not Available,Kohl's Department Stores,74285.0,1124.0,15.13,1.0,100.0,,91324,2018,Retail Store,44.5,124.7,1124.0,42.7,119.6,2009.0,093,"50,000 to 99,999",0,4,-118.562294,34.230346999999995,35.9850043538913,69.95838062807421,0.0,Retail,1990s,74285,44.5,5518261225,1.534086
49,6037113421.0,384512909578,9183 KELVIN AVE,26.5,1,-73.6,-73.6,99.0,0.0,,Not Available,Isabel Pacific Properties,27000.0,,,1.0,50.0,,91311,2019,Office,14.2,37.7,54.5,,,1977.0,009,"20,000 to 49,999",0,5,-118.58546399999999,34.237545000000004,35.2599559005033,68.9494261571447,0.0,Office,1970s,27000,14.2,729000000,9.152344
52,6037113421.0,386607907896,8944 MASON AVE,2.4,1,-97.9,-97.9,100.0,0.0,,Not Available,ELI B. DUBROW TRUSTEE,21420.0,,,1.0,100.0,,91311,2018,Office,1.6,4.5,74805.2,,,1969.0,039,"20,000 to 49,999",0,4,-118.57978,34.232807,35.2599559005033,68.9494261571447,0.0,Office,1960s,21420,1.6,458816400,6.846379
55,6037113421.0,382683907950,21045 OSBORNE ST,18.0,1,-79.6,-79.6,,0.0,,Not Available,Rexford Industrial,30240.0,,,1.0,50.0,,91304,2018,Office,8.5,23.7,318.7,8.5,23.7,1965.0,009,"20,000 to 49,999",0,1,-118.592064,34.233044,35.2599559005033,68.9494261571447,0.0,Office,1960s,30240,8.5,914457600,8.340798
58,6037113421.0,382822907508,21026 OSBORNE ST,37.6,1,-50.1,-50.1,89.0,0.0,,Not Available,Schneider Electric ESS,22200.0,,,1.0,95.0,,91304,2018,Office,24.0,67.3,371.9,23.4,65.7,2000.0,011,"20,000 to 49,999",0,5,-118.59156999999999,34.233032,35.2599559005033,68.9494261571447,0.0,Office,1990s,22200,24.0,492840000,6.470342
61,6037115401.0,408428903392,17171 ROSCOE BLVD,620.8,1,-12.1,-12.1,70.0,0.0,,Not Available,AUM,200984.0,,,8.0,95.0,,91325,2016,Multifamily Housing,48.7,97.3,9949.8,50.2,98.8,1975.0,102,"100,000+",0,2,-118.507065,34.221153,36.9522867349444,71.7114390213142,0.0,Multi Family House,1970s,200984,48.7,40394568256,1.015682
66,6037119342.0,426572910020,9339 SYLMAR AVE,306.6,1,122.1,122.1,1.0,0.0,,Not Available,Statewide Management,36188.0,,,1.0,95.0,,91402,2018,Multifamily Housing,153.9,192.0,3811.3,158.7,197.1,1986.0,104,"20,000 to 49,999",0,1,-118.44661,34.239864000000004,38.584727415759296,73.90591499558579,0.0,Multi Family House,1980s,36188,153.9,1309571344,1.606698
69,6037121102.0,442593910721,11805 W SHELDON ST,26.4,1,-50.4,-50.4,93.0,1.0,,Not Available,Los Angeles Department of Water and Power,10800.0,,,1.0,100.0,,91352,2017,Office,32.2,101.2,138.6,31.0,97.5,1988.0,903,"7,500 to 14,999",1,1,-118.38911399999999,34.242672,46.139377516368896,84.4116534241392,1.0,Office,1980s,10800,32.2,116640000,9.572637
74,6037122410.0,444128896966,7355 LANKERSHIM BLVD,618.8,1,28.0,28.0,28.0,0.0,,Not Available,"Vert Energy Group, Inc.",99694.0,,,1.0,100.0,,91605,2016,Retail Store,81.9,257.0,14.9,81.9,257.0,1968.0,035,"100,000+",0,4,-118.38779,34.204082,66.9286647607331,98.7514188422248,1.0,Retail,1960s,99694,81.9,9938893636,4.891818
79,6037122420.0,445669895262,11600 SHERMAN WAY,391.4,0,-52.3,-52.3,95.0,0.0,,Not Available,Home Depot,129802.0,4087.6,31.49,1.0,100.0,,91605,2018,Retail Store,43.4,117.2,4087.6,,,1995.0,042,"100,000+",0,2,-118.3844,34.201190000000004,66.0414349668845,98.5244040862656,1.0,Retail,1990s,129802,43.4,16848559204,2.254475
84,6037123303.0,437292895970,12755 SHERMAN WAY,116.6,1,-75.6,-75.6,100.0,0.0,,Not Available,Encino Place LP,136356.0,,,1.0,100.0,,91605,2016,Retail Store,11.3,35.4,2022.2,11.1,34.8,1969.0,004,"100,000+",0,1,-118.410774,34.201202,56.560726183568896,94.38769075545471,1.0,Retail,1960s,136356,11.3,18592958736,2.1621330000000003
85,6037124105.0,446648888100,11441 OXNARD ST,206.4,0,240.2,240.2,1.0,0.0,,Not Available,"Vert Energy Group, Inc.",29927.0,,,1.0,100.0,,91606,2019,Multifamily Housing,106.3,278.1,567.8,106.3,278.1,1950.0,033,"20,000 to 49,999",0,1,-118.380356,34.17942,42.4516120094044,79.4677765165847,1.0,Multi Family House,1950s,29927,106.3,895625329,1.5165
88,6037124105.0,445467889073,6140 LANKERSHIM BLVD,689.7,1,255.6,255.6,,0.0,,Not Available,"Nozar, LLC",70165.0,,,4.0,95.0,,91606,2017,Retail Store,129.6,407.0,4355.9,126.2,396.4,1961.0,008,"50,000 to 99,999",0,2,-118.38486999999999,34.18186,42.4516120094044,79.4677765165847,1.0,Retail,1960s,70165,129.6,4923127225,7.875951
92,6037124201.0,449399891254,11051 VICTORY BLVD,626.2,1,-28.7,-28.7,76.0,0.0,,Not Available,Target,134230.0,2122.0,15.81,1.0,100.0,,91606,2016,Retail Store,62.0,191.1,2122.0,61.2,187.2,1987.0,020,"100,000+",0,3,-118.372055,34.186695,51.93073142127211,90.71761886744859,1.0,Retail,1980s,134230,62.0,18017692900,4.539185
97,6037125310.0,450696884785,5539 RIVERTON AVE,3.9,1,-98.6,-98.6,100.0,0.0,,Not Available,Reel Efx Inc/Riverton Property LLC,45000.0,,,1.0,100.0,,91601,2017,Office,1.6,1.7,363.6,2.4,2.5,1961.0,026,"50,000 to 99,999",0,3,-118.36559,34.170906,51.2216641718554,90.0491865304578,1.0,Office,1960s,45000,1.6,2025000000,8.74094
101,6037127210.0,420991900560,7900 SEPULVEDA BLVD,91.3,1,27.4,27.4,25.0,0.0,,Not Available,WSS,20000.0,,,1.0,100.0,,91405,2018,Retail Store,64.8,181.5,55.4,61.5,172.3,1976.0,042,"20,000 to 49,999",0,1,-118.4662,34.213153999999996,54.33918793397861,92.6472442931013,1.0,Retail,1970s,20000,64.8,400000000,1.905684
104,6037127300.0,420463899029,7651 SEPULVEDA BLVD,39.3,1,65.1,65.1,9.0,0.0,,Not Available,Aldik Home,23900.0,78.7,3.29,1.0,100.0,,91405,2018,Retail Store,24.8,69.5,78.7,24.8,69.5,1960.0,042,"20,000 to 49,999",0,5,-118.46621,34.209507,40.746482665334504,77.1597931643335,1.0,Retail,1960s,23900,24.8,571210000,1.048786
107,6037128303.0,425370889227,14553 DELANO ST,33.1,1,-55.1,-55.1,92.0,0.0,,Not Available,"Vert Energy Group, Inc.",21280.0,,,1.0,100.0,,91411,2018,Office,22.4,60.6,381.5,22.4,60.6,1984.0,038,"20,000 to 49,999",0,4,-118.44986000000002,34.18265,57.944836736794,95.3083617101778,1.0,Office,1980s,21280,22.4,452838400,9.29275
110,6037128500.0,427023885231,14314 BURBANK BLVD,425.2,1,47.0,47.0,5.0,0.0,,Not Available,K & B Property Management,25000.0,,,1.0,95.0,,91401,2017,Multifamily Housing,272.8,518.1,5314.6,281.2,510.7,1975.0,033,"50,000 to 99,999",0,1,-118.44475,34.172115000000005,26.0251375187,51.9107075293227,0.0,Multi Family House,1970s,25000,272.8,625000000,8.839568
114,6037132102.0,412548894732,7011 HAYVENHURST AVE,4.0,1,-94.9,-94.9,100.0,0.0,,Not Available,"Hayvenhurst Avenue, LLC",20000.0,,,1.0,100.0,,91406,2018,Office,2.8,8.0,,2.8,8.0,1998.0,025,"20,000 to 49,999",0,2,-118.49238999999999,34.197956,55.2551946854467,93.42918400807159,1.0,Office,1990s,20000,2.8,400000000,4.601818
117,6037132300.0,400633893574,18323 VANOWEN ST,647.1,1,-0.8,-0.8,51.0,0.0,,Not Available,"MIRACLE MILE PROPERTIES, LP",191500.0,,,13.0,95.0,,91335,2016,Multifamily Housing,57.2,91.4,9935.6,59.7,94.1,1970.0,009,"100,000+",0,3,-118.53258000000001,34.193863,38.1892556793889,73.4771093454408,0.0,Multi Family House,1970s,191500,57.2,36672250000,1.121442
122,6037132300.0,403740895674,17830 SHERMAN WAY,640.5,1,16.5,16.5,26.0,0.0,,Not Available,"MIRACLE MILE PROPERTIES, LP",175600.0,,,2.0,95.0,,91335,2016,Multifamily Housing,59.5,107.4,329.9,60.7,108.6,1971.0,024,"100,000+",0,3,-118.51928000000001,34.20101,38.1892556793889,73.4771093454408,0.0,Multi Family House,1970s,175600,59.5,30835360000,1.097399
127,6037134201.0,383377902547,20934 ROSCOE BLVD,288.2,0,13.7,13.7,,0.0,,Not Available,Schneider Electric,61171.0,,,1.0,90.0,,91304,2018,Retail Store,78.7,136.5,1303.2,78.4,134.7,2000.0,024,"20,000 to 49,999",0,4,-118.58948999999998,34.21991,29.6570680790569,58.721150208096894,0.0,Retail,1990s,61171,78.7,3741891241,2.278852
130,6037134201.0,381639900770,7901 DEERING AVE,10.7,1,-83.8,-83.8,100.0,0.0,,Not Available,GDF - GREAT DEAL FURNITURE,74000.0,,,1.0,100.0,,91304,2017,Retail Store,1.9,6.0,44.4,1.9,6.0,1973.0,007,"100,000+",0,1,-118.595055,34.213417,29.6570680790569,58.721150208096894,0.0,Retail,1970s,74000,1.9,5476000000,1.259333
135,6037134305.0,380388902613,21530 ROSCOE BLVD,76.0,1,-70.7,-70.7,99.0,1.0,,Not Available,MV at Canoga Park,73450.0,,,1.0,100.0,,91304,2019,Office,15.5,37.6,593.2,15.7,37.7,2008.0,058,"50,000 to 99,999",0,2,-118.59928000000001,34.219757,40.4977953187772,76.71837558330179,1.0,Office,1990s,73450,15.5,5394902500,9.366439
139,6037134423.0,370244899060,23221 SATICOY ST,121.4,0,-22.6,-22.6,,0.0,,Not Available,Schneider Electric,55151.0,,,1.0,90.0,,91304,2019,Retail Store,33.2,93.0,1157.6,33.2,93.0,2000.0,007,"20,000 to 49,999",0,1,-118.63292,34.208237,21.1962976906553,41.3797452389961,0.0,Retail,1990s,55151,33.2,3041632801,1.092278
142,6037134710.0,386591898567,20446 SATICOY ST,213.7,1,124.6,124.6,1.0,0.0,,Not Available,Statewide Management,25212.0,,,1.0,95.0,,91306,2019,Multifamily Housing,153.2,195.4,1507.3,154.5,196.8,1973.0,013,"20,000 to 49,999",0,4,-118.57905600000001,34.208317,40.616660769459706,76.92016647748771,1.0,Multi Family House,1970s,25212,153.2,635644944,1.483544
145,6037134905.0,382479888785,6100 VARIEL AVE,75.2,1,-11.9,-11.9,62.0,0.0,,Not Available,"TPWH, LLC",24300.0,,,1.0,100.0,,91367,2019,Retail Store,44.0,123.1,193.0,44.0,123.1,1971.0,023,"20,000 to 49,999",0,3,-118.59277,34.18107,18.3591258547608,34.1783327027368,0.0,Retail,1970s,24300,44.0,590490000,1.463392
148,6037134905.0,381980890380,6345 VARIEL AVE,456.2,1,-51.9,-51.9,91.0,0.0,,Not Available,Home Depot,131732.0,3553.8,26.98,1.0,100.0,,91367,2017,Retail Store,49.4,129.1,3553.8,53.6,132.4,1998.0,032,"100,000+",0,1,-118.5928,34.186214,18.3591258547608,34.1783327027368,0.0,Retail,1990s,131732,49.4,17353319824,2.4942900000000003
153,6037134905.0,383508891239,20920 VICTORY BLVD,59.2,1,-61.5,-61.5,98.0,0.0,,Not Available,Sunburst Industrial Development Co,44000.0,,,1.0,100.0,,91367,2018,Retail Store,19.1,53.5,1356.2,,,1974.0,029,"20,000 to 49,999",0,5,-118.58899,34.188340000000004,18.3591258547608,34.1783327027368,0.0,Retail,1970s,44000,19.1,1936000000,1.236093
156,6037135114.0,378702892165,6550 TOPANGA CANYON BLVD,563.0,1,7.1,7.1,43.0,0.0,,Not Available,Neiman Marcus,125875.0,1007.8,8.01,0.0,100.0,,91303,2018,Retail Store,65.0,171.3,1007.8,63.3,166.4,2007.0,030,"100,000+",0,3,-118.60581,34.189507,37.7379730273309,72.77084121579009,0.0,Retail,1990s,125875,65.0,15844515625,3.040064
160,6037135114.0,379328891539,21725 W VICTORY BLVD,1164.5,1,-15.5,-15.5,62.0,0.0,,Not Available,"Nordstrom, Inc",212675.0,6793.4,31.94,1.0,100.0,,91303,2016,Retail Store,75.9,212.7,6793.4,74.4,208.0,2006.0,045,"100,000+",0,5,-118.60198999999999,34.18766,37.7379730273309,72.77084121579009,0.0,Retail,1990s,212675,75.9,45230655625,5.139801
165,6037135114.0,379072892713,21900 VANOWEN ST,613.6,1,-55.1,-55.1,92.0,0.0,,Not Available,Macy's,243474.0,,,1.0,100.0,,91303,2016,Retail Store,29.0,91.2,3087.0,28.4,89.2,1994.0,047,"100,000+",0,2,-118.60462,34.193745,37.7379730273309,72.77084121579009,0.0,Retail,1990s,243474,29.0,59279588676,2.67093
170,6037137103.0,379592888001,21700 OXNARD ST,1564.2,1,-53.3,-53.3,94.0,0.0,2017-06-22,"2017, 2010",650186,495825.0,,,1.0,90.0,,91367,2017,Office,42.7,126.6,1905.3,43.7,127.7,1990.0,047,"100,000+",0,1,-118.60174599999999,34.179159999999996,24.161762403501395,47.9883970235843,0.0,Office,1990s,495825,42.7,245842430625,8.942499
175,6037139402.0,395154885837,19151 VENTURA BLVD,155.9,1,3.2,3.2,46.0,0.0,,Not Available,Lee Family Partners,30742.0,561.0,18.25,1.0,100.0,,91356,2018,Retail Store,72.0,201.6,561.0,,,1963.0,008,"50,000 to 99,999",0,4,-118.55016,34.172573,29.165077865535,57.989658216673,0.0,Retail,1960s,30742,72.0,945070564,2.283295
179,6037139503.0,403510882745,17921 VENTURA BLVD,36.3,1,-84.3,-84.3,100.0,0.0,,Not Available,Cahuenga Investments LLC,66300.0,,,0.0,100.0,,91316,2018,Retail Store,7.8,21.8,202.0,7.6,21.3,1963.0,004,"20,000 to 49,999",0,3,-118.52261999999999,34.163776,27.332161930599604,54.4961533610796,0.0,Retail,1960s,66300,7.8,4395690000,1.233647
182,6037139600.0,405711881767,17547 VENTURA BLVD,20.7,1,-86.3,-86.3,,0.0,,Not Available,Gelb Enterprises,51401.0,,,1.0,95.0,175.0,91316,2018,Office,5.7,16.0,378.5,5.7,16.0,1987.0,048,"20,000 to 49,999",0,4,-118.51536999999999,34.161674,17.974747481279998,33.068482784714305,0.0,Office,1980s,51401,5.7,2642062801,9.850071
185,6037141400.0,416331879648,15945 VENTURA BLVD,90.0,1,-26.8,-26.8,77.0,0.0,,Not Available,FMC Capital,35000.0,,,1.0,100.0,,91436,2019,Retail Store,36.5,102.2,220.0,36.2,101.4,1962.0,101,"20,000 to 49,999",0,5,-118.48025,34.155914,19.2177932448478,36.3854206078951,0.0,Retail,1960s,35000,36.5,1225000000,1.40404
188,6037143604.0,447533873733,11337 VENTURA BLVD,20.0,1,-68.2,-68.2,,0.0,,Not Available,Vesa Commercial,22800.0,,,2.0,100.0,,91604,2019,Office,13.2,37.1,2039.3,13.2,37.1,1978.0,020,"20,000 to 49,999",0,2,-118.37705,34.140246999999995,27.722724791507602,55.31592886870979,0.0,Office,1970s,22800,13.2,519840000,8.618985
191,6037143700.0,455197870572,3400 CAHUENGA BLVD WEST,94.2,1,-21.6,-21.6,67.0,0.0,,Not Available,CodeGreen Solutions Inc.,32708.0,,,1.0,100.0,,90068,2018,Office,40.9,114.5,354.3,40.9,114.5,2007.0,059,"50,000 to 99,999",0,2,-118.35161599999999,34.131370000000004,17.5605116060332,31.845125488712302,0.0,Office,1990s,32708,40.9,1069813264,9.312597
194,6037143902.0,436274875405,12914 VENTURA BLVD,346.6,1,57.0,57.0,16.0,0.0,,Not Available,"Vert Energy Group, Inc.",52653.0,,,1.0,100.0,,91604,2017,Retail Store,86.8,272.6,2736.4,86.8,272.6,1989.0,024,"50,000 to 99,999",0,3,-118.41406,34.14517,8.89683251345723,10.6570815991928,0.0,Retail,1980s,52653,86.8,2772338409,3.5309180000000002
198,6037183101.0,506565864343,6305 YORK BLVD,115.4,1,42.2,42.2,17.0,0.0,,Not Available,Schneider Electric,19776.0,245.5,12.41,1.0,100.0,,90042,2018,Retail Store,83.1,230.7,245.5,83.1,230.7,1997.0,015,"20,000 to 49,999",0,2,-118.18247,34.11479,31.1415861917727,61.5083869340396,0.0,Retail,1990s,19776,83.1,391090176,1.606761
201,6037186202.0,492934866245,4030 EAGLE ROCK BLVD,171.5,1,1.9,1.9,48.0,0.0,,Not Available,"Charles Dunn Real Estate Services, Inc.",37325.0,,,1.0,100.0,,90065,2018,Retail Store,66.5,177.0,1912.6,65.8,174.9,1990.0,071,"20,000 to 49,999",0,3,-118.22673999999999,34.12103,23.441010299616398,46.2101147685711,0.0,Retail,1990s,37325,66.5,1393155625,1.5094020000000001
204,6037186202.0,493537867216,4211 EAGLE ROCK BLVD,200.1,1,82.5,82.5,5.0,0.0,,Not Available,Target,32048.0,1467000.0,45775.09,1.0,100.0,,90065,2018,Retail Store,88.6,248.2,1467000.0,88.6,248.2,2000.0,024,"20,000 to 49,999",0,4,-118.22485,34.12208,23.441010299616398,46.2101147685711,0.0,Retail,1990s,32048,88.6,1027074304,1.9889709999999998
207,6037186302.0,490498863361,2614 ARTHUR ST,124.4,1,15.7,15.7,35.0,0.0,,Not Available,"Vert Energy Group, Inc.",26732.0,,,1.0,100.0,,90065,2018,Retail Store,72.4,157.4,479.9,,,2003.0,046,"20,000 to 49,999",0,1,-118.23473999999999,34.11234,37.560317314927,72.5816622524909,0.0,Retail,1990s,26732,72.4,714599824,1.476325
210,6037186401.0,485867866238,3431 N SAN FERNANDO RD,1.4,1,-98.7,-98.7,100.0,0.0,,Not Available,Forest Lawn Memorial-Park Association,27891.0,,,1.0,100.0,,90065,2019,Office,0.7,1.9,304.4,0.7,1.9,1987.0,037,"20,000 to 49,999",0,5,-118.25051,34.119576,56.9069880044815,94.5894816496406,1.0,Office,1980s,27891,0.7,777907881,7.214374
213,6037188201.0,479234864508,3640 LOS FELIZ BLVD,275.3,1,-18.3,-18.3,81.0,0.0,,Not Available,Fountain View Apartments,105000.0,,,6.0,100.0,,90027,2018,Multifamily Housing,45.3,69.6,4608.7,46.1,70.4,1954.0,001,"100,000+",0,5,-118.27275,34.11591,21.1785563011958,41.2788497919031,0.0,Multi Family House,1950s,105000,45.3,11025000000,1.180331
218,6037189800.0,451526858053,7950 SUNSET BLVD,939.4,1,44.4,44.4,4.0,0.0,,Not Available,"Legacy Partners, Inc.",176706.0,,,1.0,95.0,,90046,2018,Multifamily Housing,85.8,166.5,7471.5,85.8,166.5,2008.0,055,"100,000+",0,2,-118.36321000000001,34.098022,25.1747794903476,50.2711565140623,0.0,Multi Family House,1990s,176706,85.8,31225010436,1.049786
223,6037190100.0,457906859706,7021 HOLLYWOOD BLVD,277.0,1,-51.2,-51.2,,0.0,,Not Available,Federal Realty Investment Trust,179517.0,1615.5,9.0,1.0,100.0,,90028,2016,Retail Store,17.8,55.8,1615.5,,,2000.0,020,"100,000+",0,4,-118.34241999999999,34.101543,44.7187878816012,82.4441922058267,1.0,Retail,1990s,179517,17.8,32226353289,1.9560490000000001
228,6037190401.0,469595859626,5217 HOLLYWOOD BLVD,224.8,0,-25.4,-25.4,86.0,0.0,,Not Available,MWest Residential,98694.0,,,1.0,100.0,,90027,2018,Multifamily Housing,39.0,61.6,5140.0,39.4,62.0,1928.0,025,"50,000 to 99,999",0,4,-118.3041,34.101757,47.574371199415204,86.303443057132,1.0,Multi Family House,1950s,98694,39.0,9740505636,1.026348
232,6037190802.0,462579856697,1241 VINE ST,250.3,1,10.1,10.1,35.0,0.0,,Not Available,Power Property Group,69872.0,,,1.0,95.0,,90038,2018,Multifamily Housing,60.9,99.3,4593.8,61.6,100.0,1925.0,001,"50,000 to 99,999",0,4,-118.326645,34.093666,54.1764516589069,92.53373691512171,1.0,Multi Family House,1950s,69872,60.9,4882096384,1.129263
236,6037190901.0,999000000378,5600 W SUNSET BLVD,638.9,1,-35.5,-35.5,79.0,0.0,,Not Available,Home Depot,124869.0,2132.6,17.08,1.0,100.0,,90028,2016,Retail Store,59.7,183.5,2132.6,59.7,183.0,1996.0,032,"100,000+",0,5,-118.311,34.098087,52.964225826276,91.499558582419,1.0,Retail,1990s,124869,59.7,15592267161,2.791219
241,6037191000.0,463310858794,1546 ARGYLE AVE,182.1,1,1.4,1.4,,0.0,,Not Available,Fredmore LLC,65000.0,,,3.0,100.0,,90028,2017,Retail Store,36.9,116.0,446.6,36.9,116.0,1930.0,022,"50,000 to 99,999",0,3,-118.32515,34.098858,56.870156447012796,94.53903392609409,1.0,Retail,1950s,65000,36.9,4225000000,3.8491910000000003
245,6037191110.0,469318858071,5270 W SUNSET BLVD,152.5,0,40.1,40.1,19.0,0.0,,Not Available,Unknown,27000.0,,,1.0,100.0,,90027,2019,Retail Store,85.2,238.6,261.6,86.0,240.8,1969.0,036,"20,000 to 49,999",0,1,-118.30488999999999,34.09811,44.620747584274596,82.3432967587338,1.0,Retail,1960s,27000,85.2,729000000,2.673394
248,6037191301.0,473600855935,4641 SANTA MONICA BLVD,431.4,1,91.0,91.0,,0.0,,Not Available,Vermont Hollywood Associates LP,60581.0,,,1.0,100.0,,90029,2019,Retail Store,113.6,229.3,2448.4,113.6,229.3,1970.0,039,"20,000 to 49,999",0,3,-118.29032,34.090878000000004,46.5793340991018,84.8909067978308,1.0,Retail,1970s,60581,113.6,3670057561,5.938086
251,6037192300.0,462478852026,569 N ROSSMORE AVE,218.8,0,7.3,7.3,39.0,0.0,,Not Available,"Vert Energy Group, Inc.",75692.0,,,3.0,100.0,,90004,2019,Multifamily Housing,49.9,76.7,2652.6,47.8,74.4,1929.0,036,"50,000 to 99,999",0,4,-118.32718,34.08078,22.822297359351897,44.7219069239501,0.0,Multi Family House,1950s,75692,49.9,5729278864,1.007052
255,6037192300.0,462672850924,410 N ROSSMORE AVE,449.9,1,225.3,225.3,1.0,0.0,,Not Available,"Vert Energy Group, Inc.",65133.0,,,1.0,100.0,,90004,2018,Multifamily Housing,104.4,247.1,1169.3,,,1930.0,025,"50,000 to 99,999",0,3,-118.32725,34.077652,22.822297359351897,44.7219069239501,0.0,Multi Family House,1950s,65133,104.4,4242307689,2.074747
259,6037195710.0,481217850636,2154 W SUNSET BLVD,58.1,1,-46.3,-46.3,86.0,0.0,,Not Available,PETA Foundation,20000.0,,,1.0,75.0,,90026,2018,Office,45.6,96.7,179.3,45.9,97.0,2012.0,016,"20,000 to 49,999",0,4,-118.26526000000001,34.077434999999994,53.585158647164604,92.09231933409,1.0,Office,1990s,20000,45.6,400000000,8.7231
262,6037199000.0,494218850770,310 N SAN FERNANDO RD,533.6,1,-65.7,-65.7,97.0,0.0,,Not Available,Goodwill Southern California,158000.0,4073.8,25.78,1.0,100.0,,90031,2017,Retail Store,46.1,133.9,4073.8,45.6,131.5,1916.0,017,"100,000+",0,1,-118.222885,34.077026000000004,61.191203761705296,96.74612183125241,1.0,Retail,1950s,158000,46.1,24964000000,8.312699
267,6037206010.0,493190847369,1700 NAUD ST,15.8,1,-79.4,-79.4,,0.0,,Not Available,ES Holding Limited LLC,26261.0,,,4.0,100.0,,90012,2019,Office,8.5,23.9,113.0,8.5,23.9,2018.0,021,"20,000 to 49,999",0,5,-118.22649399999999,34.068690000000004,58.06293736066811,95.3714213646109,1.0,Office,1990s,26261,8.5,689640121,5.3621099999999995
270,6037206200.0,486962839399,422 S LOS ANGELES ST,8.2,1,-95.1,-95.1,,0.0,,Not Available,S LOS ANGELES STREET ASSOCIATES LLC,24000.0,215.4,7.3,1.0,90.0,,90013,2018,Retail Store,3.9,11.0,215.4,3.9,11.0,1933.0,005,"20,000 to 49,999",0,5,-118.246796,34.046795,65.2595952387712,98.23432967587341,1.0,Retail,1950s,24000,3.9,576000000,1.569951
273,6037207301.0,484325838613,325 W 8TH ST,400.8,1,27.7,27.7,16.0,0.0,,Not Available,"Vert Energy Group, Inc.",146664.0,,,1.0,100.0,,90014,2017,Multifamily Housing,42.1,94.3,3093.9,42.1,94.3,1928.0,BRK,"100,000+",0,2,-118.25501000000001,34.04398,55.6454377143177,93.61836297137091,1.0,Multi Family House,1950s,146664,42.1,21510328896,1.453782
277,6037207301.0,485545839368,561 S SPRING ST,737.9,1,204.6,204.6,1.0,0.0,,Not Available,"Vert Energy Group, Inc.",229628.0,587.2,2.56,1.0,100.0,,90013,2016,Multifamily Housing,52.0,100.2,587.2,,,1923.0,014,"100,000+",0,5,-118.25044,34.046528,55.6454377143177,93.61836297137091,1.0,Multi Family House,1950s,229628,52.0,52729018384,2.2192380000000003
282,6037207301.0,484827838704,716 S BROADWAY,19.1,0,-88.5,-88.5,,0.0,,Not Available,Broadway homes llc,55180.0,,,1.0,10.0,,90014,2018,Retail Store,4.9,13.8,,,,1906.0,035,"50,000 to 99,999",0,3,-118.253654,34.044895000000004,55.6454377143177,93.61836297137091,1.0,Retail,1950s,55180,4.9,3044832400,2.181425
286,6037207301.0,485063838700,210 W 7TH ST,559.9,1,-20.4,-20.4,80.0,0.0,,Not Available,"Vert Energy Group, Inc.",267890.0,,,1.0,100.0,,90014,2018,Multifamily Housing,34.9,60.5,9830.9,35.1,60.6,1913.0,033,"100,000+",0,1,-118.25239599999999,34.044582,55.6454377143177,93.61836297137091,1.0,Multi Family House,1950s,267890,34.9,71765052100,1.7560380000000002
291,6037207301.0,484627838402,756 S BROADWAY,546.2,1,34.7,34.7,11.0,0.0,,Not Available,Broadway & Eighth Investments LLC,214667.0,7980.6,37.18,1.0,95.0,,90014,2016,Multifamily Housing,36.7,93.3,7980.6,36.8,93.1,1911.0,BRK,"100,000+",0,2,-118.25413,34.04439,55.6454377143177,93.61836297137091,1.0,Multi Family House,1950s,214667,36.7,46081920889,1.719573
296,6037207301.0,485167839050,638 S BROADWAY,16.3,0,-94.0,-94.0,,0.0,,Not Available,Broadway homes llc,90000.0,39.5,0.44,1.0,5.0,,90014,2018,Retail Store,2.6,7.2,39.5,2.6,7.2,1906.0,021,"50,000 to 99,999",0,1,-118.25258000000001,34.046054999999996,55.6454377143177,93.61836297137091,1.0,Retail,1950s,90000,2.6,8100000000,2.840589
300,6037207302.0,485895838764,600 S MAIN ST,869.4,1,27.6,27.6,13.0,0.0,,Not Available,AUM,291800.0,,,1.0,95.0,,90014,2017,Multifamily Housing,43.2,108.5,10527.3,43.7,109.1,1905.0,015,"100,000+",0,3,-118.25003999999998,34.045162,50.0944864951898,88.9141127506621,1.0,Multi Family House,1950s,291800,43.2,85147240000,1.9477229999999999
305,6037207302.0,485466838631,111 W 7TH ST,543.3,1,-22.0,-22.0,,0.0,,Not Available,"DTLA Management, LLC",225283.0,,,1.0,95.0,,90014,2016,Multifamily Housing,31.8,99.8,,31.8,99.8,1926.0,011,"100,000+",0,1,-118.25143999999999,34.043976,50.0944864951898,88.9141127506621,1.0,Multi Family House,1950s,225283,31.8,50752430089,1.630185
310,6037207302.0,486353839586,451 S MAIN ST,471.5,1,-24.8,-24.8,85.0,0.0,,Not Available,Logan Property managment,190954.0,11907.3,62.36,1.0,100.0,,90013,2017,Multifamily Housing,40.1,76.3,11907.3,40.9,77.0,1912.0,BRK,"100,000+",0,4,-118.24805500000001,34.047215,50.0944864951898,88.9141127506621,1.0,Multi Family House,1950s,190954,40.1,36463430116,1.6990509999999999
315,6037207302.0,487566840364,249 S LOS ANGELES ST,0.0,0,-100.0,-100.0,,0.0,,Not Available,ece_cola_gsd,5000.0,,,0.0,100.0,,90012,2019,Office,0.0,0.0,0.0,0.0,0.0,1970.0,910,"50,000 to 99,999",1,3,-118.24401999999999,34.049385,50.0944864951898,88.9141127506621,1.0,Office,1970s,5000,0.0,25000000,5.793216
319,6037207302.0,486815839826,400 S MAIN ST,320.4,1,47.4,47.4,6.0,0.0,,Not Available,MWest Residential,131161.0,,,1.0,100.0,,90013,2017,Multifamily Housing,36.4,89.7,3134.8,36.7,90.0,1907.0,001,"100,000+",0,4,-118.24723,34.048077,50.0944864951898,88.9141127506621,1.0,Multi Family House,1950s,131161,36.4,17203207921,1.22494
324,6037207302.0,486102839500,500 S SPRING ST,405.7,1,13.4,13.4,31.0,0.0,,Not Available,"RealPage Utility Management, Inc.",125278.0,,,1.0,95.0,,90013,2019,Multifamily Housing,49.5,113.7,3824.0,48.9,113.1,1906.0,004,"100,000+",0,1,-118.249725,34.047270000000005,50.0944864951898,88.9141127506621,1.0,Multi Family House,1950s,125278,49.5,15694577284,1.437778
329,6037207710.0,482812839478,810 S FLOWER ST,628.4,1,-6.3,-6.3,61.0,0.0,,Not Available,AUM,237962.0,,,1.0,95.0,,90017,2016,Multifamily Housing,38.9,93.8,6518.5,40.0,95.0,1924.0,040,"100,000+",0,5,-118.26035,34.046978,33.084253724440195,65.06495144406611,0.0,Multi Family House,1950s,237962,38.9,56625913444,1.843665
334,6037207710.0,484022839520,530 W 7TH ST,601.0,1,166.2,166.2,1.0,0.0,,Not Available,AUM,110520.0,,,1.0,95.0,,90014,2016,Multifamily Housing,75.1,212.1,7296.5,75.1,212.1,1902.0,057,"100,000+",0,1,-118.25589,34.046833,33.084253724440195,65.06495144406611,0.0,Multi Family House,1950s,110520,75.1,12214670400,1.9146759999999998
339,6037207710.0,482355839896,801 S FIGUEROA ST,1483.6,1,-43.0,-43.0,85.0,0.0,2019-10-22,"2019, 2018, 2017, 2016",Transwestern Commercial Services -,490485.0,,,1.0,90.0,,90017,2019,Office,42.9,120.2,6127.5,43.1,120.7,1992.0,063,"100,000+",0,4,-118.26127,34.047867,33.084253724440195,65.06495144406611,0.0,Office,1990s,490485,42.9,240575535225,9.489225
344,6037207710.0,483480840182,727 W 7TH ST,666.2,1,11.4,11.4,32.0,0.0,,Not Available,"Conservice, LLC",243554.0,,,1.0,90.0,,90017,2018,Multifamily Housing,43.0,90.6,11463.1,43.2,90.8,1926.0,BRK,"100,000+",0,2,-118.25801000000001,34.048214,33.084253724440195,65.06495144406611,0.0,Multi Family House,1950s,243554,43.0,59318550916,1.970291
349,6037207710.0,484712839477,631 S HILL ST,415.5,1,48.0,48.0,15.0,0.0,,Not Available,"Vert Energy Group, Inc.",89300.0,,,1.0,100.0,,90014,2018,Retail Store,72.4,157.4,1603.2,,,1930.0,029,"50,000 to 99,999",0,4,-118.25357,34.046856,33.084253724440195,65.06495144406611,0.0,Retail,1950s,89300,72.4,7974490000,8.016616
353,6037207710.0,999000000496,770 S GRAND AVE,1559.5,1,53.1,53.1,4.0,0.0,,Not Available,NWP Services Corporation,70000.0,,,1.0,75.0,,90017,2016,Multifamily Housing,256.8,806.2,20.8,256.8,806.2,2015.0,061,"100,000+",0,4,-118.25752,34.046271999999995,33.084253724440195,65.06495144406611,0.0,Multi Family House,1990s,70000,256.8,4900000000,6.927764999999999
354,6037207900.0,483021837990,409 W OLYMPIC BLVD,452.1,1,43.7,43.7,6.0,0.0,,Not Available,"Vert Energy Group, Inc.",126769.0,,,1.0,100.0,,90015,2016,Multifamily Housing,55.2,116.2,5274.5,55.2,116.2,1929.0,025,"100,000+",0,1,-118.25970500000001,34.042404,35.3254062573553,69.05032160423761,0.0,Multi Family House,1950s,126769,55.2,16070379361,1.579998
359,6037207900.0,482791836625,1149 S BROADWAY ST,2063.0,1,-46.3,-46.3,91.0,0.0,2018-02-26,"2018, 2017, 2016, 2014, 2013, 2012, 2011, 2010, 2009, 2008, 2007",CBRE,547426.0,2399.7,4.38,1.0,100.0,,90015,2017,Office,51.8,148.1,2399.7,51.2,145.6,1969.0,900,"100,000+",1,3,-118.25962,34.038906,35.3254062573553,69.05032160423761,0.0,Office,1960s,547426,51.8,299675225476,8.290572000000001
364,6037207900.0,483517835306,1242 SANTEE ST,55.2,1,-58.2,-58.2,,0.0,,Not Available,"PEYKAR, MOUSSA AND MARY TRS",43782.0,650.9,14.87,1.0,90.0,,90015,2018,Retail Store,17.9,50.2,650.9,17.9,50.2,1925.0,029,"20,000 to 49,999",0,4,-118.25774399999999,34.035779999999995,35.3254062573553,69.05032160423761,0.0,Retail,1950s,43782,17.9,1916863524,2.373987
367,6037208720.0,476334844783,2619 WILSHIRE BLVD,301.9,1,-31.3,-31.3,92.0,0.0,,Not Available,Polaris Property Management,166826.0,6371.8,38.19,1.0,95.0,,90057,2016,Multifamily Housing,22.4,62.0,6371.8,22.4,61.8,1927.0,015,"100,000+",0,2,-118.281624,34.060608,46.4667332101502,84.75217555807801,1.0,Multi Family House,1950s,166826,22.4,27830914276,1.191774
372,6037208801.0,478172845040,430 S GRAND VIEW ST,144.2,1,,,,0.0,,Not Available,"ARIA CAPITAL, LLC",8000.0,,,1.0,100.0,,90057,2018,Multifamily Housing,255.9,716.5,89766.2,255.9,716.5,1989.0,023,"20,000 to 49,999",0,1,-118.27568000000001,34.062435,48.68788598642429,87.52680035313409,1.0,Multi Family House,1980s,8000,255.9,64000000,5.43029
375,6037208902.0,478641843437,1925 WILSHIRE BLVD,94.5,1,-51.0,-51.0,89.0,1.0,,Not Available,The Universal Church,61703.0,,,1.0,100.0,,90057,2018,Office,22.8,56.2,2298.0,22.9,56.3,2013.0,030,"20,000 to 49,999",0,4,-118.2739,34.05704,44.045290587021,81.6118047673099,1.0,Office,1990s,61703,22.8,3807260209,9.420266
378,6037208903.0,478352843891,622 S ALVARADO ST,236.9,1,52.9,52.9,4.0,0.0,,Not Available,"Vert Energy Group, Inc.",61360.0,,,1.0,100.0,,90057,2017,Multifamily Housing,58.7,130.1,3887.8,,,1924.0,036,"50,000 to 99,999",0,1,-118.275345,34.05876,47.5250890278245,86.240383402699,1.0,Multi Family House,1950s,61360,58.7,3765049600,1.013133
382,6037209102.0,481162841402,1203 W 7TH ST,415.8,1,2.1,2.1,46.0,0.0,,Not Available,eBenchmark Plus,82613.0,,,1.0,90.0,,90017,2018,Multifamily Housing,80.9,159.2,8906.3,81.3,159.6,1922.0,022,"50,000 to 99,999",0,2,-118.26593999999999,34.05155,52.002369099653905,90.73023079833521,1.0,Multi Family House,1950s,82613,80.9,6824907769,1.6946560000000002
386,6037209200.0,481985840971,1055 W 7TH ST,2097.3,1,-36.6,-36.6,82.0,0.0,,Not Available,1055 Seventh LLC,615647.0,10697.9,17.38,1.0,90.0,,90017,2018,Office,48.4,135.4,10697.9,48.4,135.5,1988.0,019,"100,000+",0,1,-118.26351000000001,34.05061,54.951807938025105,93.22739311388571,1.0,Office,1980s,615647,48.4,379021228609,2.905079
391,6037209200.0,482388842442,501 S BIXEL ST,18.2,1,-54.7,-54.7,91.0,0.0,,Not Available,ece_cola_gsd,18622.0,,,1.0,100.0,,90017,2018,Office,14.9,34.8,18.0,14.9,34.8,1976.0,900,"50,000 to 99,999",1,2,-118.26148,34.054836,54.951807938025105,93.22739311388571,1.0,Office,1970s,18622,14.9,346778884,8.446133999999999
396,6037209402.0,478019842830,2000 W 7TH ST,20.5,1,-71.6,-71.6,100.0,0.0,,Not Available,"Vert Energy Group, Inc.",21000.0,,,1.0,100.0,,90057,2019,Retail Store,13.9,38.8,82.3,13.9,38.8,1940.0,009,"20,000 to 49,999",0,1,-118.27573400000001,34.05596,53.735179350767496,92.2184386429562,1.0,Retail,1950s,21000,13.9,441000000,1.7645990000000003
399,6037209402.0,477140842075,847 S ALVARADO ST,244.3,1,-13.4,-13.4,70.0,0.0,,Not Available,AXS Opportunity Fund,64640.0,,,1.0,100.0,,90057,2018,Multifamily Housing,66.0,97.2,8224.8,66.4,97.7,1918.0,007,"50,000 to 99,999",0,3,-118.27828999999998,34.054157000000004,53.735179350767496,92.2184386429562,1.0,Multi Family House,1950s,64640,66.0,4178329600,1.163769
403,6037209402.0,478155842692,712 S WESTLAKE AVE,106.9,1,18.1,18.1,25.0,0.0,,Not Available,AXS Opportunity Fund,20475.0,,,1.0,95.0,,90057,2018,Multifamily Housing,91.5,132.5,3827.0,92.2,133.3,1922.0,002,"20,000 to 49,999",0,2,-118.27582,34.05563,53.735179350767496,92.2184386429562,1.0,Multi Family House,1950s,20475,91.5,419225625,1.098442
406,6037209403.0,478907841613,1636 W 8TH ST,28.6,1,-79.1,-79.1,100.0,0.0,,Not Available,BSNN PROPERTY ONE,35874.0,,,1.0,90.0,,90017,2018,Office,11.3,31.7,131.7,11.3,31.7,1962.0,021,"20,000 to 49,999",0,2,-118.27264,34.052532,42.297957116057,79.27859755328541,1.0,Office,1960s,35874,11.3,1286943876,9.220289
409,6037209510.0,475823842270,924 S CARONDELET ST,483.7,0,57.8,57.8,3.0,0.0,,Not Available,"Vert Energy Group, Inc.",100215.0,,,1.0,100.0,,90006,2019,Multifamily Housing,92.0,118.1,4158.4,91.0,117.1,1988.0,035,"50,000 to 99,999",0,1,-118.28338000000001,34.054707,36.8227968790287,71.4718123344684,0.0,Multi Family House,1980s,100215,92.0,10043046225,1.117102
413,6037211202.0,472683850197,3918 BEVERLY BLVD,109.1,1,-23.2,-23.2,83.0,0.0,,Not Available,Talmadge LLC,15000.0,,,1.0,100.0,,90004,2018,Multifamily Housing,125.6,192.7,4183.4,126.3,192.8,1930.0,001,"20,000 to 49,999",0,4,-118.29363000000001,34.076313,45.81603049829639,84.0585193593139,1.0,Multi Family House,1950s,15000,125.6,225000000,1.720896
416,6037211910.0,471737847519,301 S KENMORE AVE,111.8,1,-2.1,-2.1,53.0,0.0,,Not Available,Robert Rosenberg,22256.0,,,1.0,100.0,,90020,2019,Multifamily Housing,86.7,146.1,2666.8,86.0,145.3,1915.0,008,"20,000 to 49,999",0,5,-118.29666,34.06889,34.3438525967808,67.23420355656451,0.0,Multi Family House,1950s,22256,86.7,495329536,1.042459
419,6037212102.0,471728845075,3355 WILSHIRE BLVD,222.8,1,-53.6,-53.6,,0.0,,Not Available,The Gaylord LLC,155325.0,486.6,3.13,1.0,100.0,,90010,2017,Multifamily Housing,18.9,59.4,486.6,18.7,58.6,1924.0,022,"100,000+",0,3,-118.29683,34.06177,32.944178576441395,64.8001008954471,0.0,Multi Family House,1950s,155325,18.9,24125855625,1.073428
424,6037212204.0,474401845417,616 S WESTMORELAND AVE,3.2,1,-96.3,-96.3,100.0,0.0,,Not Available,Cenocore Inc.,23269.0,,,1.0,0.0,,90005,2018,Office,2.1,4.9,39.1,2.1,4.9,1960.0,010,"20,000 to 49,999",0,4,-118.28908500000001,34.0617,38.9490926277035,74.33472064573091,0.0,Office,1960s,23269,2.1,541446361,7.037555
427,6037212303.0,472459844353,3191 W 7TH ST,314.0,1,88.1,88.2,1.0,0.0,,Not Available,"Vert Energy Group, Inc.",80800.0,,,1.0,100.0,,90005,2018,Multifamily Housing,58.0,142.3,2192.5,,,1925.0,010,"50,000 to 99,999",0,2,-118.29523,34.05976,37.8118372337006,72.8843485937697,0.0,Multi Family House,1950s,80800,58.0,6528640000,1.18592
431,6037212303.0,472640844849,3278 WILSHIRE BLVD,327.2,1,-34.0,-34.0,94.0,0.0,,Not Available,Talmadge LLC,119770.0,,,1.0,100.0,,90010,2018,Multifamily Housing,48.3,67.5,2001.1,48.8,67.8,1924.0,030,"100,000+",0,5,-118.293625,34.061775,37.8118372337006,72.8843485937697,0.0,Multi Family House,1950s,119770,48.3,14344852900,1.364068
436,6037212304.0,471248843651,756 S MARIPOSA AVE,202.1,1,144.5,144.5,1.0,0.0,,Not Available,California Commercial Investment Group,24236.0,,,2.0,100.0,,90005,2019,Multifamily Housing,151.9,187.1,1338.3,151.9,187.1,1928.0,002,"20,000 to 49,999",0,1,-118.29870600000001,34.05845,39.869749217907795,75.7346449741455,1.0,Multi Family House,1950s,24236,151.9,587383696,2.821361
439,6037212410.0,470751844099,715 S NORMANDIE AVE,394.7,1,-3.3,-3.3,55.0,0.0,,Not Available,"Vert Energy Group, Inc.",132210.0,,,1.0,100.0,,90005,2016,Multifamily Housing,49.9,83.3,4729.9,53.0,86.7,1927.0,007,"100,000+",0,5,-118.29981000000001,34.059425,34.717744123881396,67.8648001008955,0.0,Multi Family House,1950s,132210,49.9,17479484100,1.507996
444,6037212502.0,468187843022,866 S WESTERN AVE,75.1,1,2.5,2.5,47.0,0.0,,Not Available,Lee Family Partners,20518.0,,,1.0,100.0,,90005,2018,Retail Store,51.9,145.4,279.0,51.9,145.2,1929.0,009,"20,000 to 49,999",0,2,-118.30906,34.056470000000004,23.8153409933265,47.2064573086139,0.0,Retail,1950s,20518,51.9,420988324,3.097075
447,6037212620.0,467890843439,817 S WESTERN AVE,10.5,1,-93.3,-93.3,,0.0,,Not Available,A-ju Property Management Company,56068.0,,,3.0,100.0,5738.8,90005,2017,Retail Store,2.5,7.7,5738.8,2.5,7.7,1979.0,024,"50,000 to 99,999",0,5,-118.309074,34.05726,31.7868115031315,62.6939084373818,0.0,Retail,1970s,56068,2.5,3143620624,1.082977
451,6037213201.0,470261841733,3053 W OLYMPIC BLVD,88.5,0,-17.3,-17.3,67.0,0.0,,Not Available,"Vert Energy Group, Inc.",33000.0,,,1.0,100.0,,90006,2019,Retail Store,40.4,113.2,769.7,40.3,112.9,1978.0,024,"20,000 to 49,999",0,2,-118.301956,34.052620000000005,45.0954204241306,82.9738933030647,1.0,Retail,1970s,33000,40.4,1089000000,1.5202950000000002
454,6037214501.0,453430847503,401 S ORANGE GROVE AVE,208.8,1,-2.2,-2.2,53.0,0.0,,Not Available,"RealPage Utility Management, Inc.",65555.0,,,1.0,95.0,,90036,2019,Multifamily Housing,57.2,79.4,938.1,57.2,79.4,1951.0,010,"50,000 to 99,999",0,2,-118.3569,34.068542,22.4062334854116,43.965191070752894,0.0,Multi Family House,1950s,65555,57.2,4297458025,1.0287309999999998
458,6037214501.0,453606850038,7660 BEVERLY BLVD,1575.7,1,40.7,40.7,,0.0,,Not Available,"Conservice, LLC",262000.0,,,1.0,95.0,,90036,2019,Multifamily Housing,102.3,166.2,10482.4,101.4,165.3,1990.0,010,"100,000+",0,5,-118.35693,34.07612,22.4062334854116,43.965191070752894,0.0,Multi Family House,1990s,262000,102.3,68644000000,1.579164
463,6037214501.0,452496846569,530 S FAIRFAX AVE,226.3,1,3.6,3.6,44.0,0.0,,Not Available,AUM,66048.0,,,1.0,95.0,,90036,2018,Multifamily Housing,60.9,83.2,4239.2,60.9,83.2,1951.0,014,"50,000 to 99,999",0,5,-118.36138000000001,34.066371999999994,22.4062334854116,43.965191070752894,0.0,Multi Family House,1950s,66048,60.9,4362338304,1.091976
467,6037214501.0,452601846464,555 S OGDEN DR,295.5,1,17.4,17.4,25.0,0.0,,Not Available,AUM,66918.0,,,1.0,95.0,,90036,2017,Multifamily Housing,78.7,104.5,4734.4,83.9,110.0,1951.0,013,"50,000 to 99,999",0,3,-118.35977,34.06613,22.4062334854116,43.965191070752894,0.0,Multi Family House,1950s,66918,78.7,4478018724,1.435706
471,6037214501.0,453084846668,6001 LINDENHURST AVE,221.9,1,-0.4,-0.4,50.0,0.0,,Not Available,AUM,66530.0,,,1.0,95.0,,90036,2018,Multifamily Housing,59.6,79.6,3891.4,59.6,79.6,1951.0,012,"50,000 to 99,999",0,5,-118.358345,34.06566,22.4062334854116,43.965191070752894,0.0,Multi Family House,1950s,66530,59.6,4426240900,1.075551
475,6037214501.0,453716847985,6130 BLACKBURN AVE,234.6,1,10.1,10.1,35.0,0.0,,Not Available,AUM,65914.0,,,1.0,95.0,,90036,2018,Multifamily Housing,62.8,88.5,4077.6,62.8,88.5,1951.0,009,"50,000 to 99,999",0,3,-118.35625,34.070026,22.4062334854116,43.965191070752894,0.0,Multi Family House,1950s,65914,62.8,4344655396,1.122087
479,6037214501.0,452701847200,406 S OGDEN DR,211.4,1,1.9,1.9,47.0,0.0,,Not Available,"RealPage Utility Management, Inc.",66925.0,,,1.0,95.0,,90036,2019,Multifamily Housing,56.8,78.3,3725.3,56.8,78.3,1951.0,013,"50,000 to 99,999",0,1,-118.35985,34.068676,22.4062334854116,43.965191070752894,0.0,Multi Family House,1950s,66925,56.8,4478955625,1.035087
483,6037214501.0,452782847051,6030 METROPOLITAN PLZ,291.9,1,14.8,14.8,28.0,0.0,,Not Available,AUM,66972.0,,,1.0,95.0,,90036,2017,Multifamily Housing,77.9,102.0,4992.5,83.2,107.6,1951.0,011,"50,000 to 99,999",0,1,-118.35895500000001,34.067454999999995,22.4062334854116,43.965191070752894,0.0,Multi Family House,1950s,66972,77.9,4485248784,1.419322
487,6037214501.0,999000000327,6310 W 3RD ST,33.7,0,-96.1,-96.1,100.0,0.0,,Not Available,"Vert Energy Group, Inc.",126700.0,,,1.0,100.0,,90036,2016,Retail Store,5.0,5.3,336.6,5.0,5.3,1962.0,003,"100,000+",0,4,-118.35963000000001,34.071262,22.4062334854116,43.965191070752894,0.0,Retail,1960s,126700,5.0,16052890000,1.859089
488,6037214501.0,453084847584,6200 COLGATE AVE,206.5,1,4.6,4.6,43.0,0.0,,Not Available,AUM,59889.0,,,1.0,95.0,,90036,2018,Multifamily Housing,61.2,84.1,4707.5,61.2,84.1,1951.0,012,"50,000 to 99,999",0,3,-118.359055,34.069016,22.4062334854116,43.965191070752894,0.0,Multi Family House,1950s,59889,61.2,3586692321,1.0376889999999999
492,6037214502.0,455863846956,410 S HAUSER AVE,527.4,1,-13.7,-13.7,71.0,0.0,,Not Available,"RealPage Utility Management, Inc.",192306.0,,,1.0,95.0,,90036,2019,Multifamily Housing,48.1,75.5,6132.5,48.1,75.5,1951.0,014,"100,000+",0,4,-118.349915,34.067406,22.4425180747544,44.028250725186005,0.0,Multi Family House,1950s,192306,48.1,36981597636,1.922979
497,6037214502.0,455475847401,350 S FULLER AVE,845.0,1,9.5,9.5,35.0,0.0,,Not Available,AUM,192306.0,,,1.0,95.0,,90036,2017,Multifamily Housing,78.4,103.5,9707.5,83.6,109.1,1951.0,006,"100,000+",0,1,-118.3512,34.06824,22.4425180747544,44.028250725186005,0.0,Multi Family House,1950s,192306,78.4,36981597636,3.024126
502,6037214502.0,454751847575,360 S BURNSIDE AVE,654.1,1,-5.4,-5.4,58.0,0.0,,Not Available,AUM,192306.0,,,1.0,95.0,,90036,2018,Multifamily Housing,60.6,82.2,5951.5,60.6,82.2,1951.0,008,"100,000+",0,3,-118.35361,34.06864,22.4425180747544,44.028250725186005,0.0,Multi Family House,1950s,192306,60.6,36981597636,2.317878
507,6037214502.0,455866847295,390 S HAUSER AVE,690.3,1,3.2,3.2,45.0,0.0,,Not Available,AUM,192306.0,,,1.0,95.0,,90036,2018,Multifamily Housing,63.2,89.7,1620.3,63.2,89.7,1951.0,014,"100,000+",0,3,-118.349915,34.06787,22.4425180747544,44.028250725186005,0.0,Multi Family House,1950s,192306,63.2,36981597636,2.409698
512,6037214502.0,455277847126,400 S BURNSIDE AVE,469.4,1,-27.9,-27.9,88.0,0.0,,Not Available,"RealPage Utility Management, Inc.",192306.0,,,1.0,95.0,,90036,2019,Multifamily Housing,43.5,62.7,9451.6,43.5,62.7,1951.0,006,"100,000+",0,4,-118.35174599999999,34.06772,22.4425180747544,44.028250725186005,0.0,Multi Family House,1950s,192306,43.5,36981597636,1.795245
517,6037214502.0,455709846652,510 S BURNSIDE AVE,903.3,1,22.3,22.3,20.0,0.0,,Not Available,AUM,192306.0,,,1.0,95.0,,90036,2017,Multifamily Housing,82.4,116.1,5222.2,87.6,121.6,1951.0,014,"100,000+",0,2,-118.3503,34.06599,22.4425180747544,44.028250725186005,0.0,Multi Family House,1950s,192306,82.4,36981597636,3.210384
522,6037214502.0,455473846852,430 S BURNSIDE AVE,472.8,1,-27.2,-27.2,88.0,0.0,,Not Available,"RealPage Utility Management, Inc.",192306.0,,,1.0,95.0,,90036,2019,Multifamily Housing,43.8,63.5,5944.0,43.8,63.5,1951.0,006,"100,000+",0,2,-118.35146,34.066948,22.4425180747544,44.028250725186005,0.0,Multi Family House,1950s,192306,43.8,36981597636,1.803311
527,6037214502.0,455299847573,351 S FULLER AVE,663.5,1,-3.0,-3.0,54.0,0.0,,Not Available,AUM,192306.0,,,1.0,95.0,,90036,2018,Multifamily Housing,61.3,84.1,12446.1,61.3,84.1,1951.0,008,"100,000+",0,2,-118.35120400000001,34.06825,22.4425180747544,44.028250725186005,0.0,Multi Family House,1950s,192306,61.3,36981597636,2.3422490000000002
532,6037214502.0,455025847377,386 S BURNSIDE AVE,672.2,1,-1.1,-1.1,51.0,0.0,,Not Available,AUM,192306.0,,,1.0,95.0,,90036,2018,Multifamily Housing,61.9,85.9,7310.0,61.9,85.9,1951.0,008,"100,000+",0,4,-118.35219,34.067863,22.4425180747544,44.028250725186005,0.0,Multi Family House,1950s,192306,61.9,36981597636,2.363342
537,6037214503.0,454095847427,357 S CURSON AVE WEST,709.2,1,7.7,7.7,38.0,0.0,,Not Available,AUM,192306.0,,,1.0,95.0,,90036,2018,Multifamily Housing,64.6,93.6,4046.2,64.6,93.6,1951.0,005,"100,000+",0,4,-118.35473,34.068428000000004,24.5526146968048,49.04779921806029,0.0,Multi Family House,1950s,192306,64.6,36981597636,2.460638
542,6037214503.0,454549846267,5721 W 6TH ST,237.8,1,10.8,10.8,34.0,0.0,,Not Available,AUM,66927.0,,,1.0,95.0,,90036,2018,Multifamily Housing,62.7,88.2,4123.3,62.7,88.2,1951.0,004,"50,000 to 99,999",0,4,-118.35333999999999,34.064888,24.5526146968048,49.04779921806029,0.0,Multi Family House,1950s,66927,62.7,4479223329,1.1305020000000001
546,6037214503.0,454752846678,430 S FULLER AVE,664.1,1,-3.0,-3.0,54.0,0.0,,Not Available,AUM,192306.0,,,1.0,95.0,,90036,2018,Multifamily Housing,61.3,84.3,10633.6,61.3,84.3,1951.0,009,"100,000+",0,5,-118.3529,34.066895,24.5526146968048,49.04779921806029,0.0,Multi Family House,1950s,192306,61.3,36981597636,2.3422490000000002
551,6037214503.0,454621846884,393 S BURNSIDE AVE,210.9,1,21.2,21.2,21.0,0.0,,Not Available,AUM,47828.0,,,1.0,95.0,,90036,2017,Multifamily Housing,78.6,104.1,10293.2,83.8,109.7,1951.0,012,"50,000 to 99,999",0,3,-118.3527,34.06788,24.5526146968048,49.04779921806029,0.0,Multi Family House,1950s,47828,78.6,2287517584,1.201242
555,6037214503.0,453792847126,435 S CURSON AVE,902.2,1,22.1,22.1,20.0,0.0,,Not Available,AUM,192306.0,,,1.0,95.0,,90036,2017,Multifamily Housing,82.3,115.9,15267.0,87.6,121.4,1951.0,005,"100,000+",0,4,-118.35673500000001,34.067394,24.5526146968048,49.04779921806029,0.0,Multi Family House,1950s,192306,82.3,36981597636,3.20559
560,6037214503.0,454392847126,432 S CURSON AVE,687.3,1,2.5,2.5,46.0,0.0,,Not Available,AUM,192306.0,,,1.0,95.0,,90036,2018,Multifamily Housing,63.0,89.1,5371.0,63.0,89.1,1951.0,005,"100,000+",0,4,-118.35571999999999,34.066559999999996,24.5526146968048,49.04779921806029,0.0,Multi Family House,1950s,192306,63.0,36981597636,2.402508
565,6037214503.0,455452846528,5603 W 6TH ST,240.9,1,5.9,5.9,41.0,0.0,,Not Available,AUM,71755.0,,,1.0,95.0,,90036,2018,Multifamily Housing,59.9,80.5,5382.2,59.9,80.5,1951.0,005,"50,000 to 99,999",0,5,-118.349594,34.0649,24.5526146968048,49.04779921806029,0.0,Multi Family House,1950s,71755,59.9,5148780025,1.130785
569,6037214503.0,455299846678,431 S BURNSIDE AVE,662.2,1,-3.5,-3.5,55.0,0.0,,Not Available,AUM,192306.0,,,1.0,95.0,,90036,2018,Multifamily Housing,61.2,83.9,9312.5,61.2,83.9,1951.0,009,"100,000+",0,5,-118.35146999999999,34.06694,24.5526146968048,49.04779921806029,0.0,Multi Family House,1950s,192306,61.2,36981597636,2.338752
574,6037214800.0,447757849048,330 S LA CIENEGA BLVD,119.0,1,25.6,25.6,27.0,0.0,,Not Available,"Home Silk Shop, Inc.",23000.0,,,1.0,100.0,,90048,2019,Retail Store,73.4,205.6,520.6,73.1,204.7,1964.0,047,"20,000 to 49,999",0,5,-118.376465,34.072796000000004,30.602498932778396,60.650775633749504,0.0,Retail,1960s,23000,73.4,529000000,2.147055
577,6037214800.0,447978849777,8480 BEVERLY BLVD,429.2,1,-33.2,-33.2,77.0,0.0,2017-04-27,2017,Target,99902.0,,,1.0,100.0,,90048,2016,Retail Store,57.5,174.5,,55.6,168.4,2013.0,070,"100,000+",0,4,-118.37593000000001,34.076035,30.602498932778396,60.650775633749504,0.0,Retail,1990s,99902,57.5,9980409604,2.281473
582,6037215102.0,456558845309,5407 WILSHIRE BLVD,73.9,1,-2.8,-2.8,52.0,0.0,,Not Available,"WNM, Inc.",22162.0,134.5,6.07,1.0,100.0,,90036,2018,Retail Store,47.4,132.2,134.5,46.9,130.9,1935.0,029,"20,000 to 49,999",0,5,-118.34635,34.062332,17.6265395339532,32.0847521755581,0.0,Retail,1950s,22162,47.4,491154244,2.948033
585,6037216300.0,454615845120,5700 WILSHIRE BLVD,1747.1,1,-53.0,-53.0,93.0,0.0,2018-08-01,"2018, 2017, 2016, 2015, 2014, 2013, 2012, 2011, 2010, 2009, 2008, 2007, 2006",CodeGreen Solutions Inc.,540391.0,,,1.0,80.0,,90036,2018,Office,46.7,125.1,2685.8,46.4,124.3,1987.0,031,"100,000+",0,1,-118.35271000000002,34.062336,18.0120876166572,33.18199016269389,0.0,Office,1980s,540391,46.7,292022432881,8.378211
590,6037220100.0,453801830600,5101 RODEO RD,67.1,1,-2.0,-2.0,51.0,0.0,,Not Available,Baldwin Hills Associates Co,16784.0,112.2,6.69,1.0,100.0,,90016,2018,Retail Store,56.7,158.9,112.2,55.1,154.3,1960.0,032,"20,000 to 49,999",0,1,-118.35573000000001,34.021538,60.3493524329295,96.51910707529319,1.0,Retail,1960s,16784,56.7,281702656,1.562675
593,6037224020.0,481352834057,1810 S BROADWAY,129.3,1,-40.9,-40.9,89.0,0.0,,Not Available,"Vert Energy Group, Inc.",89374.0,,,1.0,100.0,,90015,2018,Retail Store,21.8,61.1,156.3,21.8,61.1,1985.0,009,"50,000 to 99,999",0,4,-118.26488,34.03253,58.2656720106059,95.5732122587968,1.0,Retail,1980s,89374,21.8,7987711876,1.8360990000000001
597,6037226001.0,484909831704,1000 E WASHINGTON BLVD,401.3,1,-19.9,-19.9,70.0,0.0,,Not Available,"Vert Energy Group, Inc.",102820.0,,,1.0,95.0,,90021,2017,Retail Store,63.9,118.5,7684.7,63.9,118.5,1989.0,048,"100,000+",0,3,-118.25402,34.02604,71.5319671769342,99.4955227645353,1.0,Retail,1980s,102820,63.9,10571952400,3.8097529999999997
602,6037226002.0,485219837418,819 SANTEE ST,317.1,1,-31.3,-31.3,,0.0,,Not Available,Cannon Management,95740.0,2785.5,29.09,1.0,85.0,,90014,2017,Multifamily Housing,56.5,87.9,2785.5,,,1925.0,005,"50,000 to 99,999",0,5,-118.252075,34.041035,76.03642941128429,99.73514945138099,1.0,Multi Family House,1950s,95740,56.5,9166147600,1.304066
606,6037231220.0,472938826717,1007 W MARTIN LUTHER KING JR BLVD,254.1,1,63.3,63.3,,0.0,,Not Available,Ophir Management Services,51532.0,,,3.0,100.0,,90037,2018,Retail Store,70.0,196.0,4456.9,70.0,196.0,1965.0,017,"100,000+",0,4,-118.29281599999999,34.010870000000004,48.4077525581318,87.1484424265355,1.0,Retail,1960s,51532,70.0,2655547024,2.728179
611,6037234200.0,460902830465,3335 EXPOSITION PL,0.0,1,-100.0,-100.0,,0.0,,Not Available,"Welk Studios, L.P.",56000.0,,,1.0,0.0,,90018,2018,Office,0.0,0.0,0.0,,,1963.0,012,"20,000 to 49,999",0,3,-118.332146,34.021384999999995,40.4662302903783,76.7057636524152,1.0,Office,1960s,56000,0.0,3136000000,9.482298
613,6037234700.0,462016818420,3212 W SLAUSON AVE,130.3,1,41.5,41.5,18.0,0.0,,Not Available,Schneider Electric,22961.0,,,1.0,100.0,,90043,2018,Retail Store,80.5,225.5,,78.8,220.7,1997.0,029,"20,000 to 49,999",0,1,-118.32841499999999,33.989020000000004,48.0997286834017,86.7953083617102,1.0,Retail,1990s,22961,80.5,527207521,1.600128
616,6037236000.0,447446829420,5922 BOWCROFT ST,10.4,1,-89.4,-89.4,100.0,0.0,,Not Available,The Rader Company,50000.0,,,1.0,85.0,,90016,2018,Office,3.0,8.3,1367.7,3.0,8.3,1960.0,031,"20,000 to 49,999",0,1,-118.3784,34.01923,33.4849139638655,65.8721150208097,0.0,Office,1960s,50000,3.0,2500000000,9.369782
619,6037236202.0,455015830073,4928 W MARTIN LUTHER KING JR BLVD,85.6,1,-84.7,-84.7,100.0,0.0,,Not Available,"Jones & Jones Management Group, Inc.",297870.0,,,32.0,100.0,,90016,2016,Multifamily Housing,3.8,11.9,5292.5,3.8,11.9,1945.0,006,"100,000+",0,2,-118.35132,34.020824,49.400245702914894,88.2204565518981,1.0,Multi Family House,1950s,297870,3.8,88726536900,1.07103
624,6037242200.0,488149802119,1717 E 103RD ST,576.7,1,27.7,27.7,15.0,0.0,,Not Available,American Utility Management,113598.0,,,32.0,95.0,,90002,2016,Multifamily Housing,84.8,124.6,12277.0,84.8,124.6,1975.0,047,"100,000+",0,5,-118.24258999999999,33.943214000000005,64.0321281370106,97.9190314037079,1.0,Multi Family House,1970s,113598,84.8,12904505604,1.153317
625,6037261200.0,427427868956,2950 N BEVERLY GLEN CIR,121.3,1,-73.3,-73.3,,0.0,,Not Available,Reynolds Management Company,30919.0,,,1.0,100.0,,90077,2018,Retail Store,56.3,153.3,1250.0,56.3,153.3,1979.0,065,"20,000 to 49,999",0,4,-118.44457,34.127693,8.953175257803,10.783200908059001,0.0,Retail,1970s,30919,56.3,955984561,1.886656
628,6037262301.0,431756832236,3033 S SEPULVEDA BLVD,103.4,1,-39.0,-39.0,87.0,1.0,2019-08-08,2018,SB Management Corporation,37165.0,432.8,11.64,1.0,100.0,,90034,2019,Retail Store,42.2,116.2,432.8,,,1949.0,006,"20,000 to 49,999",0,4,-118.480415,34.128723,5.2907012829129005,3.48089292470677,0.0,Retail,1950s,37165,42.2,1381237225,3.194068
631,6037264302.0,420742839524,12007 WILSHIRE BLVD,485.4,0,84.0,84.0,5.0,0.0,,Not Available,"Vert Energy Group, Inc.",67916.0,,,1.0,100.0,,90025,2019,Retail Store,110.4,245.4,2778.3,110.4,245.4,1999.0,105,"50,000 to 99,999",0,3,-118.46586599999999,34.045414,9.704961401167779,12.5867070248455,0.0,Retail,1990s,67916,110.4,4612583056,3.886887
635,6037265202.0,429426844878,10717 WILSHIRE BLVD,330.3,1,2.0,2.0,46.0,0.0,,Not Available,"Vert Energy Group, Inc.",124740.0,,,1.0,100.0,,90024,2017,Multifamily Housing,42.8,79.5,3128.4,42.8,79.5,1951.0,037,"100,000+",0,5,-118.43655,34.060688,19.496787098566898,37.0538529448859,0.0,Multi Family House,1950s,124740,42.8,15560067600,1.2964870000000002
640,6037265510.0,426607843742,10960 WILSHIRE BLVD,2576.3,1,-41.9,-41.9,85.0,0.0,2017-08-03,"2017, 2015, 2013, 2012, 2011, 2010",650186,636803.0,,,1.0,95.0,,90024,2018,Office,60.9,145.9,13264.5,60.9,145.9,1971.0,028,"100,000+",0,2,-118.44606,34.058186,29.846859312968103,59.0995081346954,0.0,Office,1970s,636803,60.9,405518060809,2.579639
645,6037265700.0,432634847225,10300 WILSHIRE BLVD,227.5,1,42.3,42.3,8.0,0.0,,Not Available,"Vert Energy Group, Inc.",65130.0,,,1.0,100.0,,90024,2017,Multifamily Housing,58.2,101.8,2310.0,60.3,104.0,1956.0,027,"50,000 to 99,999",0,3,-118.42553999999998,34.06795,20.8300413783946,40.3455669062933,0.0,Multi Family House,1950s,65130,58.2,4241916900,1.040276
649,6037267300.0,425548839070,1645 S CORINTH AVE,102.3,1,-61.2,-61.2,98.0,0.0,,Not Available,ece_cola_gsd,53760.0,,,1.0,100.0,,90025,2016,Office,26.8,72.0,353.5,25.7,68.6,1990.0,908,"7,500 to 14,999",1,1,-118.44868999999998,34.045124,37.0576717011107,71.8123344684071,0.0,Office,1990s,53760,26.8,2890137600,9.292388
654,6037267700.0,428158835557,2323 CORINTH AVE,0.0,1,,,,0.0,,Not Available,Costa de Oro Media,26708.0,1032.3,38.65,1.0,100.0,,90064,2018,Office,0.0,0.0,1032.3,0.0,0.0,1960.0,005,"20,000 to 49,999",0,4,-118.440605,34.035744,31.4968747609683,62.2146550636903,0.0,Office,1960s,26708,0.0,713317264,7.076625999999999
657,6037267700.0,427094835618,11500 W OLYMPIC BLVD,785.4,1,-75.9,-75.9,100.0,0.0,,Not Available,Ramcal Management,627899.0,,,1.0,95.0,,90064,2017,Office,16.6,51.4,3497.8,16.6,51.4,1984.0,007,"100,000+",0,5,-118.44414499999999,34.036457,31.4968747609683,62.2146550636903,0.0,Office,1980s,627899,16.6,394257154201,1.477501
662,6037267700.0,426738838446,1828 SAWTELLE BLVD,109.3,1,-28.3,-28.3,77.0,0.0,,Not Available,ece_cola_gsd,36162.0,,,1.0,80.0,,90025,2017,Office,39.9,125.2,102.3,38.9,122.0,2000.0,900,"50,000 to 99,999",1,4,-118.4458,34.043459999999996,31.4968747609683,62.2146550636903,0.0,Office,1990s,36162,39.9,1307690244,9.506903999999999
666,6037267800.0,430216836027,11060 W PICO BLVD,51.1,1,9.2,9.2,,0.0,,Not Available,Anawalt Lumber Co,15500.0,,,1.0,100.0,,90064,2018,Retail Store,46.8,131.1,205.9,45.5,127.5,1923.0,009,"20,000 to 49,999",0,4,-118.43431000000001,34.037341999999995,20.894337101309198,40.4969100769328,0.0,Retail,1950s,15500,46.8,240250000,2.7150119999999998
669,6037267901.0,435482845065,10100 SANTA MONICA BLVD,2849.9,1,-35.2,-35.2,81.0,0.0,2019-12-09,"2019, 2018, 2017, 2015, 2014, 2011, 2009, 2008, 2007, 2006, 2005, 2003, 2002, 2001",10100 Santa Monica Inc,645031.0,,,1.0,95.0,,90067,2019,Office,68.6,150.3,9486.6,69.0,150.6,1971.0,057,"100,000+",0,3,-118.41863000000001,34.060905,22.476145334060103,44.1417581031656,0.0,Office,1970s,645031,68.6,416064990961,2.510776
674,6037267901.0,435518844653,1900 AVENUE OF THE STARS,2148.1,1,-45.7,-45.7,93.0,0.0,2017-12-12,2017,Topa Management,651278.0,,,1.0,95.0,,90067,2017,Office,43.5,136.6,7260.8,43.5,136.6,1968.0,056,"100,000+",0,2,-118.417046,34.059925,22.476145334060103,44.1417581031656,0.0,Office,1960s,651278,43.5,424163033284,1.482407
679,6037271702.0,432026832144,3115 S SEPULVEDA BLVD,98.1,1,-25.0,-25.0,78.0,0.0,,Not Available,SB Management Corporation,28235.0,70.1,2.48,1.0,100.0,,90034,2018,Retail Store,49.7,136.4,70.1,47.9,131.5,1957.0,001,"20,000 to 49,999",0,3,-118.42804,34.026596000000005,19.4462443881982,36.877285912473205,0.0,Retail,1950s,28235,49.7,797215225,3.2564450000000003
682,6037275602.0,432940813909,12975 W JEFFERSON BLVD,594.0,0,-25.7,-25.7,76.0,0.0,,Not Available,Home Depot,162788.0,4166.1,25.59,1.0,100.0,,90066,2018,Retail Store,53.1,139.4,4166.1,,,1994.0,026,"100,000+",0,5,-118.42375,33.97502,20.1005866343663,38.529448858620206,0.0,Retail,1990s,162788,53.1,26499932944,3.095632
687,6037277200.0,446679807826,5600 W MANCHESTER AVE,199.9,1,-38.6,-38.6,87.0,0.0,,Not Available,"Vert Energy Group, Inc.",49719.0,,,1.0,100.0,,90045,2018,Retail Store,74.9,82.7,101.7,74.8,82.4,1966.0,016,"20,000 to 49,999",0,4,-118.37893000000001,33.959858000000004,42.0041946013315,78.761508386934,1.0,Retail,1960s,49719,74.9,2471978961,2.884937
690,6037277200.0,444996805746,9000 AIRPORT BLVD,75.2,1,82.1,82.1,,0.0,,Not Available,Hertz,13062.0,12562.0,961.72,1.0,100.0,,90045,2016,Retail Store,66.4,208.4,12562.0,66.4,208.4,2000.0,016,"100,000+",0,4,-118.38576,33.95448,42.0041946013315,78.761508386934,1.0,Retail,1990s,13062,66.4,170615844,1.161836
695,6037278001.0,441384807466,8655 S SEPULVEDA BLVD,83.8,1,-13.7,-13.7,64.0,0.0,,Not Available,CBRE,28678.0,125.6,4.38,1.0,100.0,,90045,2018,Retail Store,41.5,116.1,125.6,40.3,112.8,1952.0,003,"20,000 to 49,999",0,4,-118.3963,33.959007,23.7730299712454,47.02989027620129,0.0,Retail,1950s,28678,41.5,822427684,2.8944520000000002
698,6037291120.0,475660789684,13425 S FIGUEROA ST,116.2,1,3.4,3.4,46.0,0.0,,Not Available,WSS,49788.0,,,1.0,100.0,,90061,2018,Retail Store,33.0,92.4,328.4,,,1972.0,024,"20,000 to 49,999",0,3,-118.28273,33.91001,56.1957416219102,94.1228402068357,1.0,Retail,1970s,49788,33.0,2478844944,1.609648
701,6037293202.0,469241756568,1504 W 228TH ST,37.1,1,-36.9,-36.9,79.0,0.0,,Not Available,Rexford Industrial,22797.0,,,1.0,100.0,,90501,2018,Office,25.6,54.2,142.1,25.9,54.5,1965.0,010,"50,000 to 99,999",0,5,-118.30505,33.819016,43.570095097393505,80.9685962920923,1.0,Office,1960s,22797,25.6,519703209,9.947212
705,6037294701.0,482117741297,544 N AVALON BLVD,18.2,1,-49.6,-49.6,93.0,0.0,,Not Available,ece_cola_gsd,9639.0,,,1.0,100.0,,90744,2016,Office,27.2,69.0,15.0,27.8,68.7,1990.0,901,"7,500 to 14,999",1,4,-118.26213999999999,33.7763,58.9327543396145,95.95157018539541,1.0,Office,1990s,9639,27.2,92910321,5.900468
710,6037295103.0,467409736593,28100 S WESTERN AVE,265.9,1,84.1,84.1,,0.0,,Not Available,"Conservice, LLC",47810.0,,,15.0,95.0,,90732,2018,Retail Store,78.9,221.0,1641.2,78.9,221.0,2002.0,207,"20,000 to 49,999",0,2,-118.31107,33.764846999999996,21.217430775687802,41.442804893429205,0.0,Retail,1990s,47810,78.9,2285796100,2.0160970000000002
713,6037295103.0,999000000291,1701 N GAFFEY ST,503.4,1,-41.7,-41.7,86.0,0.0,2014-06-12,2014,Target,132354.0,2299.0,17.37,1.0,100.0,,90731,2016,Retail Store,50.6,155.8,2299.0,51.2,157.6,2008.0,019,"100,000+",0,1,-118.29281999999999,33.760525,21.217430775687802,41.442804893429205,0.0,Retail,1990s,132354,50.6,17517581316,2.548701
718,6037980028.0,447737802508,5439 W 102ND ST,99.3,1,-75.7,-75.7,99.0,0.0,,Not Available,"Charles Dunn Real Estate Services, Inc.",74700.0,2605.5,34.88,1.0,5.0,,90045,2018,Office,18.9,52.8,2605.5,18.9,52.8,1990.0,011,"20,000 to 49,999",0,5,-118.3756,33.943645000000004,,,1.0,Office,1990s,74700,18.9,5580090000,9.959871000000001
721,,472597746219,25825 S VERMONT AVE,6.4,0,-82.6,-82.6,100.0,0.0,,Not Available,Kaiser Foundation Hospitals,7703.0,724.4,94.05,1.0,100.0,,90710,2017,Office,14.1,22.2,724.4,14.0,22.0,2015.0,038,"100,000+",0,5,,,,,,Office,1990s,7703,14.1,59336209,4.7449069999999995
725,,508239854278,4927 E HUNTINGTON DR NORTH 100-200,17.3,1,-86.0,-86.0,100.0,0.0,,Not Available,ece_cola_gsd,28812.0,16.4,0.57,1.0,100.0,,90032,2018,Office,9.6,19.2,34.0,9.5,19.1,2010.0,901,"20,000 to 49,999",1,5,,,,,,Office,1990s,28812,9.6,830131344,5.600642
730,,442871910523,11805 W SHELDON ST,19.0,1,-37.4,-37.4,84.0,0.0,,Not Available,Los Angeles Department of Water and Power,7500.0,,,1.0,100.0,,91352,2017,Office,33.4,104.8,148.8,30.1,94.7,1990.0,903,"7,500 to 14,999",1,2,,,,,,Office,1990s,7500,33.4,56250000,6.316185
735,,435172844277,1901 AVENUE OF THE STARS,2473.4,1,-46.9,-46.9,93.0,0.0,2010-06-03,2010,Douglas Emmett Management LLC,565062.0,7516.2,13.3,1.0,95.0,,90067,2016,Office,52.8,153.1,7516.2,53.5,152.0,1968.0,055,"100,000+",0,4,,,,,,Office,1960s,565062,52.8,319295063844,6.641619
740,,453648848094,6220 W 3RD ST,892.3,1,213.4,213.4,1.0,0.0,,Not Available,"Conservice, LLC",134530.0,,,1.0,100.0,,90036,2019,Multifamily Housing,106.7,239.9,19.9,105.8,238.9,2002.0,018,"100,000+",0,3,,,,,,Multi Family House,1990s,134530,106.7,18098320900,1.171941
745,,419580823238,201 LINCOLN BLVD,351.3,1,16.2,16.2,35.0,0.0,,Not Available,"Vert Energy Group, Inc.",75496.0,,,1.0,100.0,,90291,2018,Retail Store,72.4,157.4,6709.3,,,1965.0,061,"50,000 to 99,999",0,5,,,,,,Retail,1960s,75496,72.4,5699646016,3.5069660000000002
749,,455025846874,401 S BURNSIDE AVE,657.8,1,-4.0,-4.0,56.0,0.0,,Not Available,AUM,192306.0,,,1.0,95.0,,90036,2018,Multifamily Housing,60.8,83.0,12752.0,60.8,83.0,1951.0,009,"100,000+",0,3,,,,,,Multi Family House,1950s,192306,60.8,36981597636,2.324815
754,,456068846454,5555 W 6TH ST,393.5,1,449.8,449.8,1.0,0.0,,Not Available,"Conservice, LLC",31286.0,,,1.0,95.0,,90036,2019,Multifamily Housing,207.7,423.2,10.2,204.8,420.1,2002.0,015,"100,000+",0,3,,,,,,Multi Family House,1990s,31286,207.7,978813796,2.2967020000000002
759,,456107846341,5555 W 6TH ST,304.3,1,363.2,363.2,1.0,0.0,,Not Available,"Conservice, LLC",18306.0,,,0.0,95.0,,90036,2018,Multifamily Housing,290.7,424.2,560.1,290.7,424.2,2002.0,015,"50,000 to 99,999",0,1,,,,,,Multi Family House,1990s,18306,290.7,335109636,6.904872
763,,999000000444,14060 RIVERSIDE DR,801.6,1,-51.2,-51.2,90.0,0.0,,Not Available,Macy's,229213.0,,,1.0,100.0,,91423,2016,Retail Store,40.3,126.6,992.4,39.8,124.8,1977.0,028,"100,000+",0,3,,,,,,Retail,1970s,229213,40.3,52538599369,4.839678
764,,490080842381,700 N ALAMEDA ST,1880.9,1,-51.7,-51.7,97.0,0.0,2017-10-30,"2017, 2016, 2015, 2014, 2013, 2012, 2011, 2010, 2009, 2008, 2007, 2006",Metropolitan Water District,541704.0,6176.9,11.4,1.0,95.0,2488.3,90012,2017,Office,46.5,141.1,8665.2,46.0,139.4,1998.0,930,"100,000+",0,1,,,,,,Office,1990s,541704,46.5,293443223616,5.528995
